ID,SKU,Name,Weight (lbs),Regular price,Attribute 1 name,Brand,Attribute 2 name,Product Type,Attribute 3 name,Model,Attribute 4 name,Attribute 4 value(s),Attribute 5 name,Attribute 5 value(s)
40018,005-005-0557,Action Instruments Signal Conditioner 4380-2000-1,1,190.25,Brand,Action Instruments,Product Type,Signal Conditioners,Model,4380-2000-1,Location,2014C1_LC3,eBay ID,
20646,222-056-0113,Action Instruments Signal Conditioner G408-1001 *Repaired*,1,200,Brand,Action Instruments,Product Type,Signal Conditioners,Model,G408-1001,Location,2014c3,eBay ID,
5402,219-001-0840,AG Oyako Gear Motor 3 Phase UDMD-5R,125,800,Brand,AG Oyako,Product Type,Motors,Model,UDMD-5R,Location,2014c1,eBay ID,
40059,019-001-0840,AG Oyako Geared Motor 460V UDMD-5R,30,129.99,Brand,AG Oyako,Product Type,Motors,Model,460V UDMD-5R,Location,2014c1,eBay ID,
20537,068-520-0015,Air Bag (Single Inlet) 94-1077,1,5,Brand,-,Product Type,Inlets,Model,94-1077,Location,2014c5_LC2,eBay ID,
1519,019-006-0004,Allen-Bradley Adjustable Frequency AC Drive 1333-CAB,22,700,Brand,Allen-Bradley,Product Type,Frequency Drive,Model,1333-CAB,Location,2014c1_LC2,eBay ID,
1549,MFG-000-0111,Allen-Bradley Circuit Breaker 1489-A3D030,2,120,Brand,Allen-Bradley,Product Type,Circuit Breaker,Model,1489-A3D030,Location,2014c1_LC2,eBay ID,
40016,205-005-0696,Allen-Bradley PLC 5/15 Processor 1785-LTR/B,3,45,Brand,Allen-Bradley,Product Type,PLC Processors,Model,1785-LTR/B,Location,2014C1_LC3,eBay ID,
40683,MFG-000-2018,Allen-Bradley Variable Frequency Drive 1305-BAO3A-HA1,10,386.99,Brand,Allen-Bradley,Product Type,Frequency Drive,Model,1305-BAO3A-HA1,Location,2014C1_LC4,eBay ID,
4178,004-003-0087,AMI Flange Bearing UCF206-30,4,21,Brand,AMI Bearings,Product Type,Bearings,Model,UCF206-30,Location,2014c2,eBay ID,
20521,064-003-0012,Applied Robotics Tool Changer XC1R-2506SLHOP,2,1250,Brand,Applied Robotics,Product Type,Tool Changer,Model,XC1R-2506SLHOP,Location,2014C5_LC4,eBay ID,
20697,"035-800-0020, 035-800-0019",ATC Master Plate QC10AM,2,50,Brand,Cognex,Product Type,ATC Master Plate,Model,QC-10A-M-K20A,Location,2014c6_LC1,eBay ID,
1461,005-017-0076,Aten 4 Port VGA Video Splitter VS94A,3,61,Brand,Aten,Product Type,Video Splitter,Model,VS94A,Location,2014c3_LC1,eBay ID,
20600,005-031-0002,Atlas Copco RE Qualifier 9810705080,4,750,Brand,Atlas Copco,Product Type,RE Qaulifier,Model,9810705080,Location,2014c2,eBay ID,
1548,MFG-000-0110,Atlas Copco RE Qualifier II 9810-7050-80,12,981,Brand,Atlas Copco,Product Type,Controller,Model,9810-7050-80,Location,2014c2,eBay ID,
20536,068-514-0005,Auburn Spark Plug 16946001,1,12,Brand,Auburn,Product Type,Spark Plugs,Model,16946001,Location,2014c5_LC2,eBay ID,
43898,076-506-0055,Augur Screw Drill 13-106,,2000,Brand,-,Product Type,Augur,Model,13-106,Location,2014C5_LC4,eBay ID,
20580,068-431-0007,Autogard Clutch 202-RR-2,8,150,Brand,Autogard,Product Type,Clutches,Model,202-RR-2,Location,2014c2_LC1,eBay ID,
43798,MFG-000-2038,Autogard Torque Limiter 202-RR-3 3C/3,20,213.75,Brand,Autogard,Product Type,Torque Limiter,Model,202-RR-3 3C/3,Location,2014_C5,eBay ID,
44005,068-410-0005,Axle Turnover 003-109,,,Brand,-,Product Type,Axle Turnover,Model,003-109,Location,2014c6_LC2,eBay ID,
4717,MFG-000-0198,Baldor Industrial Motor M3587T,60,735,Brand,Baldor,Product Type,Motors,Model,M3587T,Location,2014c3,eBay ID,
20627,013-007-0003,Bando Belt AX33,1,10,Brand,Bando,Product Type,Belts,Model,AX33,Location,2014c1_LC1,eBay ID,
43786,MFG-000-2037,Bando DURAFLEX GL Band 3L-300,1,10,Brand,Bando,Product Type,Belts,Model,3L-300,Location,2014C2_LC5,eBay ID,
43785,013-002-0111,Bando PREMIUM V-BELT A-24,1,10,Brand,Bando,Product Type,Belts,Model,A-24,Location,2014C2_LC5,eBay ID,
11998,022-012-0327,"Banner Mini-Screen safety light curtain, MSR3224 and MSE3224",8,660,Brand,Banner,Product Type,Light Curtain,Model,MSR3224 & MSE3224,Location,2014c3,eBay ID,
20503,MFG-000-1699,Bell &amp; Gossett Relief Valve 790-30,2,55,Brand,Bell & Gossett,Product Type,"Relief Valves, Valves",Model,790-30,Location,2014c4_LC1,eBay ID,
6373,MFG-000-0317,Bell and Gossett 790-30,2,37,Brand,Bell & Gossett,Product Type,-,Model,790-30,Location,2014c4,eBay ID,
4706,022-038-0565,Blackbox Interface Cable CBCC275830,2,40,Brand,Black Box,Product Type,Cables,Model,CBCC275830,Location,2014c3_LC1,eBay ID,
4180,017-001-0139,Bondhus Coupler 480345020,3,65,Brand,Bondhus,Product Type,Coupler,Model,480345020,Location,2014c2_LC2,eBay ID,
43912,044-001-0126,Brake Hub 6488573-81,1,25,Brand,-,Product Type,Brake Hub,Model,6488573-81,Location,2014C5_LC4,eBay ID,
1220,MFG-000-0005,Browning Bearing VF2S-224,10,97,Brand,Browing,Product Type,Bearings,Model,VF2S-224,Location,2014c2_LC2,eBay ID,
4181,014-003-0050,Browning Flange Block Bearing SFB1000EX 3 7/16,35,307,Brand,Browning,Product Type,Bearing,Model,SFB1000EX 3 7/16,Location,2014c2,eBay ID,
5409,044-001-0014,Browning Torque Limiter T65LX138,20,150,Brand,Browning,Product Type,Torque Limiter,Model,T65LX138,Location,2014c1_LC1,eBay ID,
4182,009-900-0010,Burst Nozzle PB-JA-12-0078-50,1,110,Brand,Tokimec,Product Type,Nozzels,Model,PB-JA-12-0078-50,Location,2014c2_LC1,eBay ID,
4183,MFG-000-0164,CELEM Power Capacitors CSP 305A,1.5,65,Brand,Saginomiya,Product Type,Capacitors,Model,CSP 305A,Location,2014c2,eBay ID,
20505,036-468-0008,Center Ring VP2100,2,51,Brand,-,Product Type,Rings,Model,VP2100,Location,2014c4_LC1,eBay ID,
20677,002-006-0051,Check Valve N-4CPA-50,1,50,Brand,-,Product Type,Check Valves,Model,N-4CPA-50,Location,2014c6_LC1,eBay ID,
1599,012-001-0059,Chita Tool Change Indicator TCI-9300DE,1,99,Brand,Chita,Product Type,Indicator,Model,TCI-9300DE,Location,2014c1_LC1,eBay ID,
20568,008-002-0138,CKD Auto Switch 8981014378*,1,76,Brand,CKD,Product Type,"Auto-Breakers, Switches",Model,8981014378,Location,2014c2_LC2,eBay ID,
6378,039-003-1675,CKD Cylinder SSD-L-40-40,3,110,Brand,CKD,Product Type,Cylinders,Model,SSD-L-40-40,Location,2014c4_LC1,eBay ID,
1457,002-007-0238,CKD PV5-6-FPG-D-3,4,200,Brand,CKD,Product Type,-,Model,-,Location,2014c1_LC2,eBay ID,
6374,MFG-000-0318,CKD Valve AB41-02-5,2,65,Brand,CKD,Product Type,Valves,Model,AB41-02-5,Location,2014c4_LC1,eBay ID,
4718,002-001-0618,CKD Valve APK11-25A-02C-AC120V,6,300,Brand,CKD,Product Type,Valves,Model,APK11-25A-02C-AC120V,Location,2014c3_LC1,eBay ID,
20638,002-007-0038,CKD Valve PV5-6-FPG-D-3,3,190,Brand,CKD,Product Type,Valves,Model,PV5-6-FPG-D-3,Location,2014c1,eBay ID,
20630,003-033-0005,Conn Bulkhead CHI-16,1,15,Brand,-,Product Type,Bulkhead,Model,CHI-16,Location,2014c1_LC1,eBay ID,
20525,045-001-0091,Conveyor Roller 230-BR-JH-NR487,,,Brand,-,Product Type,Rollers,Model,230-BR-JH-NR487,Location,2014_C5,eBay ID,
20526,022-035-0007,Corcom Noise Filter 20VW1F7257-46F440,3,30,Brand,Corcom,Product Type,Noise Filter,Model,20VW1F7257-46F440,Location,2014c5_LC1,eBay ID,
20629,468-600-0004,Coupler Block JA-150-05,1,253,Brand,-,Product Type,Block,Model,JA-150-05,Location,2014c1_LC1,eBay ID,
20522,060-001-0104,Coupling CPO 40-12-15 012X015,1,18,Brand,-,Product Type,Couplings,Model,40-12-15 012X015,Location,2014c5_LC1,eBay ID,
20538,042-001-0290,CR Seal Oil 9706,1,10,Brand,-,Product Type,Seals,Model,9706,Location,2014c5_LC2,eBay ID,
4185,MFG-000-0165,Daihen Nozzle H21B20,1,8,Brand,Daihen,Product Type,Nozzels,Model,H21B20,Location,2014c2_LC1,eBay ID,
40696,MFG-000-2029,Dayco Super Blue Ribbon V-Belt BP57,1,15,Brand,Dayco,Product Type,Belts,Model,BP57,Location,2014c1,eBay ID,
20643,022-038-0104,Denso Cable 8M 410141-0160,3,206,Brand,Denso,Product Type,Cables,Model,410141-0160,Location,2014c3_LC2,eBay ID,
20644,022-038-0105,Denso Cable 8M 410141-0180,3,51,Brand,Denso,Product Type,Cables,Model,410141-0180,Location,2014c3_LC2,eBay ID,
4707,022-038-0106,Denso Cable 8M 410141-0200,2,80,Brand,Denso,Product Type,Cables,Model,8M 410141-0200,Location,2014c3,eBay ID,
20523,060-001-0223,Denso Coupling 208075,2,3,Brand,Denso,Product Type,Couplings,Model,208075,Location,2014c5_lc6,eBay ID,
20530,060-001-0109,Denso Coupling Drive MJC-41-16X17**,2,85,Brand,Denso,Product Type,Couplings,Model,MJC-41-16X17**,Location,2014c5_LC1,eBay ID,
20618,068-609-0002,Denso DeviceNet 9807-0409,4,540,Brand,Denso,Product Type,Controller,Model,9807-0409,Location,2014c1_LC2,eBay ID,
5413,MFG-000-0253,Denso DeviceNet NET-3722,3,400,Brand,Denso,Product Type,PLC Module,Model,NET-3722,Location,2014c1_LC1,eBay ID,
20524,040-490-0001,Denso Oil Tube 01S-001,1,5,Brand,Denso,Product Type,Tubing,Model,01S-001,Location,2014c5_LC1,eBay ID,
40017,410-010-3140,Denso Robotics Board 410010-3140 RP299B,1,536.47,Brand,Denso,Product Type,Boards,Model,410010-3140 RP299B,Location,2014C1_LC3,eBay ID,
4186,MFG-000-0166,Denso Squeeze Roller 52.4mm M-3801955-250,1,35,Brand,Denso,Product Type,Rollers,Model,M-3801955-250,Location,2014c2_LC2,eBay ID,
4187,MFG-000-0167,Denso Squeeze Roller M-3801955-130,1,45,Brand,Denso,Product Type,Rollers,Model,M-3801955-130,Location,2014c2,eBay ID,
4188,006-005-0041,Dialco Indicator Lights I-21,1,12,Brand,Dialco,Product Type,Lights,Model,I-21,Location,2014c2_LC2,eBay ID,
5085,018-002-0107,Dodge Tigear Motor 35Q30L14,90,1243,Brand,Dodge,Product Type,Motors,Model,35Q30L14,Location,2014c3,eBay ID,
5400,MFG-000-0250,Dorner Tool Kit 2100/2300,4,45,Brand,Dorner,Product Type,Kit,Model,2100/2300,Location,2014c1,eBay ID,
6364,023-007-0013,Drive Unit 36085,13,125,Brand,-,Product Type,Drive Unit,Model,36085,Location,2014c4,eBay ID,
4202,MFG-000-0172,Eaton Moeller Breaker PKZMO-1,2,186,Brand,Eaton,Product Type,Breaker,Model,PKZMO-1,Location,2014c2,eBay ID,
1335,027-001-0176,Ebara In-Line Centrifugal Pump 32LPD,50,500,Brand,Ebara,Product Type,Pumps,Model,32LPD,Location,2014c4,eBay ID,
4189,017-001-0179,Emerson Liquid Line Filter Drier EK-305 S,4,130,Brand,Emerson,Product Type,Filters,Model,EK-305S,Location,2014c2,eBay ID,
20681,051-001-0133,Endine Shock Absorber OEM1.0MF,1,45,Brand,Konsei,Product Type,Shock Absorbers,Model,OEM1.0MF,Location,2014c6_LC1,eBay ID,
20672,021-005-0014,Endo Kogyo Spring Balancer 30-40kg ELF-40,45,450,Brand,Endo Kogyo,Product Type,Spring Balancers,Model,ELF-40,Location,2014c6,eBay ID,
1437,MFG-000-0056,"Endo Kogyo Spring Balancer 50-60kg, EWF-60",32,575,Brand,Endo Kogyo,Product Type,Spring Balancers,Model,EWF-60,Location,2014c1,eBay ID,
1436,MFG-000-0055,Falk Flex Hub 1025G 3.4350 Non-STK,4,180,Brand,Falk,Product Type,-,Model,1025G 3.4350,Location,2014c2,eBay ID,
4199,MFG-000-0170,Falk Gear Coupling 1025G20,12,180,Brand,Falk,Product Type,Gear Coupling,Model,1025G20,Location,2014c2,eBay ID,
20520,042-003-0011,FasTest Seal Kit FIB4-41,2,60,Brand,FastTest,Product Type,"Seal Kits, Seals",Model,FIB4-41,Location,2014c5_LC1,eBay ID,
5398,016-020-0001,FKD Precision Locking Nut ZM45,1,96,Brand,FKD,Product Type,Nuts,Model,ZM45,Location,2014c1_LC1,eBay ID,
20626,016-004-0224,FKD Scanner Nut ZM-30,1,30,Brand,FKD,Product Type,Nuts,Model,ZM-30,Location,2014c1_LC1,eBay ID,
1332,005-038-0003,Foxboro Electrochemical Analyzer 873EC-JIPCGZ-5,5,400,Brand,Foxboro,Product Type,Electrochemical Analyzer,Model,873EC-JIPCGZ-5,Location,2014c4,eBay ID,
11990,031-001-0336,Fuji Electric 1-Phase AC Power Regulator APR-MX2,20,570,Brand,Fuji Electric,Product Type,Power Supplies,Model,APR-MX2,Location,2014c2,eBay ID,
1430,MFG-000-0053,Fuji Electric Auto-Breaker BU3EHC-030L,3,326,Brand,Fuji Electric,Product Type,"Auto-Breakers, Switches",Model,BU3EHC-030L,Location,2014c4,eBay ID,
20661,022-001-0271,Fuji Electric Auto-Breaker EA32,2,29,Brand,Fuji Electric,Product Type,"Auto-Breakers, Switches",Model,EA32,Location,2014c3_LC2,eBay ID,
20663,022-001-0752,Fuji Electric Auto-Breaker SA53B,3,95,Brand,Fuji Electric,Product Type,"Auto-Breakers, Switches",Model,SA53B,Location,2014c3,eBay ID,
9852,022-001-0753,Fuji Electric Auto-Breaker SA53RCUL,3,185,Brand,Fuji Electric,Product Type,"Auto-Breakers, Switches",Model,SA53RCUL,Location,2014c3_b1,eBay ID,
1421,022-056-0005,Fuji Electric Drive FVR G7S FVR075G7S-2 *Repaired*,8,250,Brand,Fuji Electric,Product Type,Electric Drive,Model,FVR G7S FVR075G7S-2,Location,2014c1,eBay ID,
1425,022-056-0050,Fuji Electric Drive FVR-E11 FVRO.4E11S-4 1.1 KVA 380-460v,8,400,Brand,Fuji Electric,Product Type,Electric Drive,Model,FVR-E11 FVRO.4E11S-4 1.1 KVA 380-460v,Location,2014c3,eBay ID,
20655,022-001-0807,Fuji Electric EL Circuit Breaker EG33AC,2,80,Brand,Fuji Electric,Product Type,Circuit Breakers,Model,EG33AC,Location,2014c3_LC2,eBay ID,
20660,022-009-0103,Fuji Electric Magnetic Contactor SW-03,2,37,Brand,Fuji Electric,Product Type,Magnetic Contactor,Model,SW-03,Location,2014c3_LC2,eBay ID,
20651,022-007-0239,Fuji Electric Relay SH-4Z172/6A2B,2,40,Brand,Fuji Electric,Product Type,Relays,Model,SH-4Z172/6A2B,Location,2014c3_LC2,eBay ID,
20645,022-007-0240,Fuji Electric Relay SH04AA,2,39,Brand,Fuji Electric,Product Type,Relays,Model,SH04AA,Location,2014c3_LC2,eBay ID,
20658,022-007-0216,Fuji Electric Relay TK-ON,1,15,Brand,Fuji Electric,Product Type,Relays,Model,TK-ON,Location,2014c3,eBay ID,
1423,010-001-0158,"Fuji Electric Super Rapid Fuse 250V 100A, CR2L-100",2,44,Brand,Fuji Electric,Product Type,Fuses,Model,CR2L-100,Location,2014c2_LC2,eBay ID,
20662,022-001-0811,Fuji Electric Terminal Cover BZ6TS10C3,1,15,Brand,Fuji Electric,Product Type,Circuit Breakers,Model,BZ6TS10C3,Location,2014c3,eBay ID,
1223,014-003-0138,FYH Bearing UCFL211-J,10,133,Brand,FYH,Product Type,Bearings,Model,UCFL211-J,Location,2014c2,eBay ID,
11886,014-003-0082,FYH Flange Bearing UFL-002,1,25,Brand,FYH,Product Type,Bearings,Model,UFL-002,Location,"2013c5_LC3, 2014c2",eBay ID,
40063,MFG-000-2014,Goodyear Belt A27,1,7,Brand,Goodyear,Product Type,Belts,Model,A27,Location,2014c1,eBay ID,
40078,MFG-000-2015,Goodyear Belt B41,1,11,Brand,Goodyear,Product Type,Belts,Model,B41,Location,2014c1,eBay ID,
40695,MFG-000-2028,Goodyear Belt B80,1,11,Brand,Goodyear,Product Type,Belts,Model,B80,Location,2014c1,eBay ID,
40688,MFG-000-2022,Goodyear Belt BX78,1,11,Brand,Goodyear,Product Type,Belts,Model,BX78,Location,2014c1,eBay ID,
40691,MFG-000-2024,Goodyear Belt BX80,1,11,Brand,Goodyear,Product Type,Belts,Model,BX80,Location,2014c1,eBay ID,
43787,013-001-0109,Goodyear V-Belt CX85,1,19,Brand,Goodyear,Product Type,Belts,Model,CX85,Location,2014C2_LC5,eBay ID,
20691,027-001-0343,GP Reeves Grease Dispenser GPMD15080,2,75,Brand,GP Reeves,Product Type,Lubricators,Model,GPMD1508,Location,2014c6_LC1,eBay ID,
20710,022-012-0422,GP Reeves Grease Flow Sensor FS3009NPN,1,230,Brand,GP Reeves,Product Type,Sensors,Model,FS3009NPN,Location,2014c6_LC2,eBay ID,
20706,022-012-0461,GP Reeves Grease Flow Sensor FS4009,1,190,Brand,GP Reeves,Product Type,Sensors,Model,FS4009,Location,2014c6_LC2,eBay ID,
20709,043-002-0007,GP Reeves Grease Regulator GRP4100,2,70,Brand,GP Reeves,Product Type,Grease Regulator,Model,GRP4100,Location,2014c6_LC2,eBay ID,
5410,MFG-000-0251,Grove Gear Worm Gear Reducer FI3RQ56,25,400,Brand,Grove Gear,Product Type,Worm Gear,Model,BMQ2203,Location,2014c1,eBay ID,
20601,022-038-0230,Honda Cable MR-50L,3,10,Brand,Honda,Product Type,Cables,Model,MR-50L,Location,2014c2,eBay ID,
1443,MFG-000-0059,Honeywell Chart Recorder DP101-0B-00-0Z1-oocoo-000e1,8,1800,Brand,Honeywell,Product Type,Chart Recorder,Model,DP101-0B-00-0Z1-oocoo-000e1,Location,2014c4,eBay ID,
20612,022-012-0008,Honeywell Sensor Tube 129464M,1,190,Brand,Honeywell,Product Type,Sensors,Model,129464M,Location,2014c1_LC1,eBay ID,
4712,022-029-0003,Hubbell Receptacle Twistlock HBL2610 2610A,1,30,Brand,Hubbell,Product Type,Twist-Locks,Model,HBL2610 2610A,Location,2014c3,eBay ID,
4721,022-056-0108,IDC Corporation Sigal Conditioner SIGC6667-B,1,100,Brand,IDC,Product Type,Signal Conditioner,Model,SIGC6667-B,Location,2014c3_LC1,eBay ID,
6375,022-001-0816,IDEC Circuit Protector NRAS2111F,2,38,Brand,IDEC,Product Type,Circuit Breakers,Model,NRAS2111F,Location,2014c4_LC1,eBay ID,
4192,008-007-0072,IDEC Push Button ABN111W,1,24,Brand,IDEC,Product Type,Buttons,Model,ABN111W,Location,2014c2_LC2,eBay ID,
11970,022-011-0327,IFM IF5740 Sensor,2,120,Brand,IFM,Product Type,Sensors,Model,IF5740,Location,2014c3_LC1,eBay ID,
1547,MFG-000-0109,IFM PN7004 Pressure Sensor PN-010-RBR14-QFRKG/US,1,380,Brand,IFM,Product Type,Pressure Sensors,Model,PN-010-RBR14-QFRKG/US,Location,2014c2,eBay ID,
20577,008-003-0166,IFM Pressure Switch PN7004,2,150,Brand,IFM,Product Type,"Pressure Switches, Switches",Model,PN7004,Location,2014c2_LC1,eBay ID,
43879,064-001-0187,Igus Cable Track 15.4.038,1,20,Brand,Igus,Product Type,Track,Model,15.4.038,Location,2014C5_LC3,eBay ID,
4204,005-012-0031,IHI Micro Encoder RKW1-1800-05R5,3,280,Brand,IHI,Product Type,Encoders,Model,RKW1-1800-05R5,Location,2014c2,eBay ID,
20579,005-012-0121,IHI Rotary Encoder RKW1-1800-05R5,3,280,Brand,IHI,Product Type,Encoders,Model,RKW1-1800-05R5,Location,2014c2_LC1,eBay ID,
4193,MFG-000-0168,IKO Cam Follower J42-24R,1,55,Brand,IKO,Product Type,Cam Followers,Model,J42-24R,Location,2014c2,eBay ID,
20570,014-002-0115,IKO Cam Follower NURT15RQ,2,25,Brand,IKO,Product Type,Cam Followers,Model,NURT15RQ,Location,2014c2_LC2,eBay ID,
4713,022-038-0593,ILME Cable Passing Hood CYR 16.3,1,28,Brand,ILME,Product Type,Hood,Model,CYR 16.3,Location,2014c3_LC1,eBay ID,
5288,022-035-0008,Islatrol Noise Filter I-130,7,481,Brand,Islatrol,Product Type,Noise Filters,Model,I-130,Location,2014c5_LC2,eBay ID,
4184,008-002-0147,ITT Compact Auto Sensor WSCL-3,1,60,Brand,ITT Compact Automation,Product Type,Sensor,Model,WSCL-3,Location,2014c2_LC1,eBay ID,
1326,027-001-0290,Iwaki Metering Pump EHE45E1-PE,6,790,Brand,Iwaki,Product Type,Meterings Pumps,Model,EHE45E1-PE,Location,2014c4,eBay ID,
1395,027-001-0304,Iwaki Metering Pump EWB20Y1-TC,8,545,Brand,Iwaki,Product Type,Meterings Pumps,Model,EWB20Y1-TC,Location,2014c4,eBay ID,
5274,MFG-000-0245,JUST Electric Heater LAG3085P,7,124,Brand,JUST,Product Type,Heat Elements,Model,LAG3085P,Location,2014c5,eBay ID,
20542,050-001-0076,JUST Electric Heater LAG3085P,8,150,Brand,JUST,Product Type,Heat Elements,Model,LAG3085P,Location,2014c5,eBay ID,
4194,068-400-0014,Kanetec Magnetic Base MB-PSL,1,50,Brand,Kanetec,Product Type,Holders,Model,MB-PSL,Location,2014c2_LC1,eBay ID,
20640,022-012-0434,Keyence Digital Contact Sensor AT-005V,2,100,Brand,Keyence,Product Type,Sensor,Model,AT-005V,Location,2014c1_LC2,eBay ID,
1571,004-007-0001,Keyence Laser Displacement Sensor LG-81,1,2110,Brand,Keyence,Product Type,Sensor,Model,LG-81,Location,2014c1,eBay ID,
1390,022-038-0603,Keyence OP-42187 Disconnect Cable,2,39,Brand,Keyence,Product Type,Cable,Model,OP-42187,Location,2014c3_LC1,eBay ID,
1546,MFG-000-0108,Keyence Reflective Fiber Unit FU-41TZ FU41TZ,1,138,Brand,Keyence,Product Type,Cable,Model,FU-41TZ FU41TZ,Location,2014c2,eBay ID,
20564,061-001-0060,KHK Gear QKSSOORO2457,2,130,Brand,KHK,Product Type,Gears,Model,QKSSOORO2457,Location,2014c2_LC2,eBay ID,
20702,071-800-0009,KHK Rack KRG1.5-500,3,65,Brand,KHK,Product Type,Racks and Chassis,Model,KRG1.5-500,Location,2014c6_LC1,eBay ID,
20678,061-001-0310,KHK Worm Gear KWG1-R1,1,40,Brand,KHK,Product Type,Worm Gear,Model,KWG1-R1,Location,2014c6_LC2,eBay ID,
20696,035-812-0006,Kinetrol S-CRD-30000,2,525,Brand,Kinetrol,Product Type,Dampener,Model,S-CRD-30000,Location,2014c6_LC1,eBay ID,
43988,000-000-0315,Kokusai Recording Chart Paper B9573AN-KC,1,15,Brand,Kokusai,Product Type,Chart Paper,Model,B9573AN-KC,Location,2014C2_LC5,eBay ID,
4195,014-001-0001,Koyo Ball &amp; Roller Bearing 3NC7004C-5DBL,1,25,Brand,Koyo,Product Type,Bearings,Model,NA,Location,2014c2_LC1,eBay ID,
20583,009-900-0188,Koyo Bearing 700C-5GLX3,2,25,Brand,Koyo,Product Type,Bearings,Model,700C-5GLX3,Location,2014c2,eBay ID,
20584,014-001-0403,Koyo Bearing 7207BGC3FY,2,23,Brand,Koyo,Product Type,Bearings,Model,7207BGC3FY,Location,2014c2,eBay ID,
4196,014-001-0417,Koyo Bearings 6007ZZC3GXM,2,25,Brand,Koyo,Product Type,Bearings,Model,6007ZZC3GXM,Location,2014c2,eBay ID,
20605,051-001-0026,KYB Shock Absorber KBM7-15-6C,1,56,Brand,KYB,Product Type,Shock Absorbers,Model,KBM7-15-6C,Location,2014c1_LC1,eBay ID,
20683,022-004-0009,Kyoto Denkiki Volt Distributor LSC-DIS,2,100,Brand,Kyoto Denkiki,Product Type,Regulators,Model,LSC-DIS,Location,2014c6_LC1,eBay ID,
4704,MFG-000-0193,Lumberg Automation Cable 4-643/5m,1,30,Brand,Lumberg Automation,Product Type,Cables,Model,4-643/5m,Location,2014c3_LC1,eBay ID,
38318,022-040-0031,Lumberg Cable Connect RKC8/9,1,45,Brand,Lumberg Automation,Product Type,Connector,Model,RKC8/9,Location,2014c3_LC2,eBay ID,
20539,060-001-0145,Magnaloy Coupling (Male) 300 M30002806,32,20,Brand,Magnaloy,Product Type,Couplings,Model,300 M30002806,Location,2014c5_LC2,eBay ID,
4198,056-001-0060,Martin Pulley 14H 100,3,44,Brand,Martin,Product Type,Pulley,Model,14H 100,Location,2014c2_LC1,eBay ID,
44001,015-001-02777,Meiji Chain RFC2040VRP-LAMBDA-A-90,,,Brand,Meiji,Product Type,Chain,Model,RFC2040VRP-LAMBDA-A-90,Location,2014C6_LC3,eBay ID,
20593,MFG-000-1714,Misumi  47-13-C7,1,5,Brand,Misumi,Product Type,Bearings,Model,47-13-C7,Location,2014c2_LC2,eBay ID,
20598,MFG-000-1715,Misumi  E8-06-64,1,5,Brand,Misumi,Product Type,Bearings,Model,E8-06-64,Location,2014c2_LC2,eBay ID,
4200,014-003-0144,Misumi Flange Type Linear Bushing LHFR12,1,15,Brand,Misumi,Product Type,Bushings,Model,LHFR12,Location,2014c2_LC1,eBay ID,
40129,068-463-0002,Misumi Pin 11,,,Brand,Misumi,Product Type,Pins,Model,11,Location,2014C2_LC4,eBay ID,
20595,036-001-0655,Misumi Pivot Pin CCGH8-25.5,1,5,Brand,Misumi,Product Type,Pins,Model,CCGH8-25.5,Location,2014c2_LC2,eBay ID,
20596,036-001-0656,Misumi Pivot Pin CCGH8-32,1,5,Brand,Misumi,Product Type,Pins,Model,CCGH8-32,Location,2014c2_LC2,eBay ID,
20599,MFG-000-1716,Misumi Screw 42-15-A4,1,5,Brand,Misumi,Product Type,Screws,Model,42-15-A4,Location,2014c2_LC2,eBay ID,
20704,231-004-0059,Mitsubishi AC Servo Drive MR-J2S-200B *Repaired*,5,1250,Brand,Mitsubishi,Product Type,Servo Drive,Model,MR-J2S-200B,Location,2014c6,eBay ID,
1341,005-005-0618,Mitsubishi Base Unit Q65B,4,206,Brand,Mitsubishi,Product Type,PLC Module,Model,Q65B,Location,2014C6_LC3,eBay ID,
1363,027-001-0072,Mitsubishi Coolant Pump NPJ-60,10,295,Brand,Mitsubishi,Product Type,Motors,Model,NPJ-60,Location,2014c4,eBay ID,
1362,005-005-0585,Mitsubishi CPU Unit Q26UDEHCPU,4,1200,Brand,Mitsubishi,Product Type,CPU Unit,Model,Q26UDEHCPU,Location,2014c6_LC1,eBay ID,
1375,MFG-000-0044,Mitsubishi Graphic Operation Terminal 900 Series A970GOT-LBA,6,1600,Brand,Mitsubishi,Product Type,Terminals,Model,900 Series A970GOT-LBA,Location,2014c5,eBay ID,
44050,MFG-000-2043,Mitsubishi Master-Slave Unit QJ71DN91,1,315,Brand,Mitsubishi,Product Type,PLC Module,Model,QJ71DN91,Location,2014c6,eBay ID,
1588,005-005-0611,Mitsubishi MELSEC-Q DeviceNet Master-Slave Module QJ71DN91,2,942,Brand,Mitsubishi,Product Type,PLC Module,Model,QJ71DN91,Location,2014c5_LC1,eBay ID,
5411,MFG-000-0252,Mitsubishi Melservo MR-SA352 (missing cover),30,800,Brand,Mitsubishi,Product Type,Servo Drive,Model,MR-SA352,Location,2014c1,eBay ID,
20614,005-027-0015,Mitsubishi Memory Cassette A8GT-MCA4MFDW,1,325,Brand,Mitsubishi,Product Type,Memory,Model,A8GT-MCA4MFDW,Location,2014c1_LC1,eBay ID,
20703,005-005-0619,Mitsubishi PLC Module Q68B,1,300,Brand,Mitsubishi,Product Type,PLC Module,Model,Q66B,Location,2014C6_LC3,eBay ID,
1545,005-005-0612,Mitsubishi PLC Module QJ71C24N,3,400,Brand,Mitsubishi,Product Type,PLC Module,Model,QJ71C24N,Location,2014c6_LC1,eBay ID,
1351,005-005-0586,Mitsubishi PLC Module QX40-S1,4,199,Brand,Mitsubishi,Product Type,PLC Module,Model,QX40-S1,Location,2014c6_LC2,eBay ID,
1540,031-004-0048,Mitsubishi Servo Drive MR-H100AN,6,1719,Brand,Mitsubishi,Product Type,Servo Drive,Model,MR-H100AN,Location,2014c3,eBay ID,
4703,231-004-0047,Mitsubishi Servo Drive MR-J2-40B,8,800,Brand,Mitsubishi,Product Type,Servo Drive ,Model,MR-J2-40B,Location,2014c3_LC1,eBay ID,
4201,MFG-000-0171,Mitsubishi Servo Drive MR-SA352,30,2800,Brand,Mitsubishi,Product Type,Servo Drive,Model,MR-SA352,Location,2014c2,eBay ID,
40169,219-001-0423,Mitsubishi Servo Motor AC HA-SA102BZ *Repaired* ,8,120,Brand,Mitsubishi,Product Type,Servo Motor,Model,HA-SA102BZ,Location,2014c2,eBay ID,
20506,027-002-0782,Moyno Suction Housing 330-0945-000,2,40,Brand,Moyno,Product Type,Housing,Model,330-0945-000,Location,2014c4_LC2,eBay ID,
4203,014-005-0013,MSC Thrust Bearing AXK4060,1,7,Brand,-,Product Type,Bearings,Model,AXK4060,Location,2014c2_LC2,eBay ID,
20602,MFG-000-1717,MTL Micro Encoder RKW1-180-0-05R5,3,280,Brand,MTL,Product Type,Encoders,Model,RKW1-180-0-05R5,Location,2014c2_LC1,eBay ID,
20557,014-001-0483,Nachi Bearing R6ZZMC3MTSRL,1,3,Brand,Nachi,Product Type,Bearings,Model,R6ZZMC3MTSRL,Location,2014c2_LC1,eBay ID,
1345,002-014-0111,Nachi Directional Control Valve SS-G03-C5-R-D2-J21,16,230,Brand,Nachi,Product Type,Control Valve,Model,SS-G03-C5-R-D2-J21,Location,2014c1_LC1,eBay ID,
20574,014-003-0137,Nachi Flange Bearing N600-2NSL,1,15,Brand,Nachi,Product Type,"Bearings, Flange Bearings",Model,N600-2NSL,Location,2014c2_LC2,eBay ID,
12968,022-035-0006,Nemic-Lambda MYB-1230-33,3,110,Brand,Nemic-Lambda,Product Type,Noise Filters,Model,MYB-1230-33,Location,2014C5_LC4,eBay ID,
5292,022-035-0005,Nemic-Lambda Noise Filter MAS-1220-33,1,35,Brand,Nemic-Lambda,Product Type,Noise Filters,Model,MAS-1220-33,Location,2014c5_LC1,eBay ID,
4205,022-035-0004,Nemic-Lambda Noise Filter MBS-1210-22,3,58,Brand,Nemic-Lambda,Product Type,Noise Filters,Model,MBS-1210-22,Location,2014c2_LC1,eBay ID,
5289,022-035-0013,Nemic-Lambda Noise Filter MBS-1220-22,2,72,Brand,Nemic-Lambda,Product Type,Noise Filters,Model,MBS-1220-22,Location,2014c5_LC1,eBay ID,
20517,022-035-0019,Nemic-Lambda Noise Filter MC1210DIN,2,40,Brand,Nemic-Lambda,Product Type,Power Line FIlters,Model,MC1210DIN,Location,2014c5_LC5,eBay ID,
20516,022-035-0010,Nemic-Lambda Noise Filter PBF-1206-22,1,40,Brand,Nemic-Lambda,Product Type,Power Line FIlters,Model,PBF-1206-22,Location,2014c5_LC5,eBay ID,
1319,005-004-0275,Nemic-Lambda Power Supply EWS50-24,4,150,Brand,Nemic-Lambda,Product Type,Power Supplies,Model,EWS50-24,Location,2014c2_LC2,eBay ID,
4714,018-002-0108,Nidec Able Reducer Gear Box VRAFC03L09019030T1,6,620,Brand,Nidec,Product Type,Able Reducer,Model,VRAFC03L09019030T1,Location,2014c3_LC1,eBay ID,
4206,004-001-0002,NKS Pressure Sensor Switch Gauge GC74-134-B5BXX,1,150,Brand,NKS,Product Type,"Gauges, Pressure Gauges",Model,GC74-134-B5BXX,Location,2014c2_LC1,eBay ID,
44039,068-612-0032,Nordson Rebuild Kit 106230,1,45,Brand,Nordson,Product Type,-,Model,-,Location,2014c6_LC2,eBay ID,
1306,MFG-000-0032,NSK Linear Guide LAS25AL,10,94,Brand,NSK,Product Type,Guides,Model,LAS25AL,Location,2014c2,eBay ID,
20641,239-003-2103,NSK Rodless Cylinder MY1H-Z25-50L *Repaired*,7,200,Brand,NSK,Product Type,"Cylinders, Rodless Cylinders",Model,MY1H-Z25-50L,Location,2014c3_LC2,eBay ID,
20625,005-010-0064,NTE Diode NTE59622,1,4,Brand,NTE,Product Type,Diode,Model,NTE5962,Location,2014c1_LC1,eBay ID,
20635,014-015-0028,NTN Ball Bearing 6308P5,3,40,Brand,NTN,Product Type,Bearings,Model,6308P5,Location,2014c1_LC1,eBay ID,
6358,1/17/2014,NTN Spherical Bearing 21313D1C3,7,75,Brand,NTN,Product Type,Bearings,Model,21313D1C3,Location,2014c4_LC2,eBay ID,
38404,014-001-0017,NTN Spherical Roller Bearing  21313D1/C3 65x140x33,5,91.12,Brand,NTN,Product Type,Bearings,Model,21313D1/C3,Location,2014c4_LC2,eBay ID,
20620,039-006-0223,Nu-Con Seal Kit NUCO9115-D18785 MYH32,1,124,Brand,Nu-Con,Product Type,Seal Kit,Model,NUCO9115-D18785 MYH32,Location,2014c1_LC1,eBay ID,
20532,049-001-0341,Oil Filter SFT-08-150W,2,25,Brand,-,Product Type,Filters,Model,SFT-08-150W,Location,2014c5_LC2,eBay ID,
1542,022-035-0016,Okaya Noise Filter SUP-J20H-ER-4,4,75,Brand,Okaya,Product Type,Noise Filters,Model,SUP-J20H-ER-4,Location,2014c2,eBay ID,
1567,035-800-0015,Omron Antenna Sensor V680-HS63-W,1,168,Brand,Omron,Product Type,Sensor,Model,V680-HS63-W,Location,2014C6_LC3,eBay ID,
20528,012-001-0043,Omron Counter H7CR-CWV,2,90,Brand,Omron,Product Type,Counter,Model,H7CR-CWV,Location,2014c5_LC1,eBay ID,
20561,008-030-0039,Omron Fiber Optic Sensor E32-D11L,1,75,Brand,Omron,Product Type,Sensor,Model,E32-D11L,Location,2014c2,eBay ID,
1303,008-015-0013,Omron Level Switch 61F-G2P,2,213,Brand,Omron,Product Type,Switches,Model,61F-G2P,Location,2014c4,eBay ID,
1290,008-014-0080,Omron Limit Switch CA2-2N,2,115,Brand,Omron,Product Type,Switches,Model,CA2-2N,Location,2014c2_LC1,eBay ID,
1535,008-014-0178,Omron Limit Switch D4C-1303,1,78,Brand,Omron,Product Type,Switches,Model,D4C-1303,Location,2014c1_LC2,eBay ID,
20665,022-012-0156,Omron MiniSafe Light Sensor MS4336BX,2,995,Brand,Omron,Product Type,Sensors,Model,MS4336BX,Location,2014c3,eBay ID,
1317,022-011-0202,Omron Proximity Switch E2CY-C2A,2,114,Brand,Omron,Product Type,Switches,Model,E2CY-C2A,Location,2014c2_LC1,eBay ID,
5599,022-011-0001,Omron Proximity Switch TL-Q5MC2,1,43,Brand,Omron,Product Type,Promity Switch,Model,TL-Q5MC2,Location,2014c3_b1,eBay ID,
43904,064-003-0077,Omron Relay G7J-4A-T-KM DC24,1,12.45,Brand,Omron,Product Type,Relay,Model,G7J-4A-T-KM DC24,Location,2014C5_LC4,eBay ID,
1247,022-012-0110,Omron STI MiniSafe Light Curtain MS4328BR,6,836,Brand,Omron,Product Type,Light Curtain,Model,MS4328BR,Location,2014c3,eBay ID,
1249,008-018-0004,Omron STI Pull Switch ER6022-021NE,4,210,Brand,Omron,Product Type,Switches,Model,ER6022-021NE,Location,2014c3_LC1,eBay ID,
20603,005-003-0015,Omron Timer H3Y-4,2,35,Brand,Omron,Product Type,Timers,Model,H3Y-4,Location,"2014c1_LC1, BBBB_LC7",eBay ID,
1301,008-020-0025,Omron Touch Switch D5C-1DS0,2,152,Brand,Omron,Product Type,Switches,Model,D5C-1DS0,Location,2014c4,eBay ID,
4179,MFG-000-0163,Omron Touch Switch DD5C-1DSO,1,180,Brand,Omron,Product Type,Switches,Model,DD5C-1DSO,Location,2014c2,eBay ID,
40019,068-014-0097,Omron Touch Switch NL-2C,1,96.33,Brand,Omron,Product Type,Switches,Model,NL-2C,Location,2014C1_LC3,eBay ID,
5404,008-014-0097,Omron Touch Switch NL2-C,2,260,Brand,Omron,Product Type,Switches,Model,NL2-C,Location,2014c1_LC1,eBay ID,
40681,MFG-000-2016,Optibelt-VB Belt 3V475,,,Brand,Optibelt,Product Type,Belts,Model,3V475,Location,2014c1,eBay ID,
40682,MFG-000-2017,Optibelt-VB Belt 3V530,,,Brand,Optibelt,Product Type,Belts,Model,3V530,Location,2014c1,eBay ID,
40693,MFG-000-2026,Optibelt-VB Belt 5VX1000,,,Brand,Optibelt,Product Type,Belts,Model,5VX1000,Location,2014c1,eBay ID,
40700,MFG-000-2033,Optibelt-VB Belt A66,,,Brand,Optibelt,Product Type,Belts,Model,A66,Location,2014c1,eBay ID,
40694,MFG-000-2027,Optibelt-VB Belt B120,,,Brand,Optibelt,Product Type,Belts,Model,B120,Location,2014c1,eBay ID,
40699,MFG-000-2032,Optibelt-VB Belt B60,,,Brand,Optibelt,Product Type,Belts,Model,B60,Location,2014c1,eBay ID,
40698,MFG-000-2031,Optibelt-VB Belt B65,,,Brand,Optibelt,Product Type,Belts,Model,B65,Location,2014c1,eBay ID,
40685,MFG-000-2019,Optibelt-VB Belt B73/5L 760,,,Brand,Optibelt,Product Type,Belts,Model,B73/5L 760,Location,2014c1,eBay ID,
40697,MFG-000-2030,Optibelt-VB Belt B73/5L 760,,,Brand,Optibelt,Product Type,Belts,Model,B73/5L 760,Location,2014c1,eBay ID,
40690,MFG-000-2023,Optibelt-VB Belt BX97 X17 2505 Lp,,,Brand,Optibelt,Product Type,Belts,Model,BX97 X17 2505 Lp,Location,2014c1,eBay ID,
40686,MFG-000-2020,Optibelt-VB Belt C85,,,Brand,Optibelt,Product Type,Belts,Model,C85,Location,2014c1,eBay ID,
1285,018-002-0117,Oriental Motor 4GC30K,8,117,Brand,Oriental Motor,Product Type,Motors,Model,4GC30K,Location,2014c4,eBay ID,
1288,019-001-0270,Oriental Motor 5IK90GS-ATF,10,125,Brand,Oriental Motor,Product Type,"Induction Motors, Motors",Model,5IK90GSATF,Location,"2012c11, 2014c1",eBay ID,
1543,019-001-0616,Oriental Motor 6RK60RGK-CM,5,220,Brand,Oriental Motor,Product Type,Motors,Model,6RK60RGK-CM,Location,2014c1_LC1,eBay ID,
20616,005-007-0023,Oriental Motor Capacitor CY6050BE1,1,20,Brand,Oriental Motor,Product Type,Capacitors,Model,CY6050BE1,Location,2014c1_LC1,eBay ID,
5397,MFG-000-0249,Oriental Motor Co. PVC Cable LC1300BG,1,50,Brand,Oriental Motor,Product Type,Cables,Model,LC1300BG,Location,2014c1,eBay ID,
1282,019-002-0003,Oriental Motor Gear Head 5GU6K,5,130,Brand,Oriental Motor,Product Type,Gear Heads,Model,5GU6K,Location,2014c3_LC2,eBay ID,
1274,019-001-0257,Oriental Motor Induction Motor 51K40GN-SWT,6,192,Brand,Oriental Motor,Product Type,Induction Motor,Model,51K40GN-SWT,Location,2014c6,eBay ID,
20682,022-056-0107,Oriental Motor Inverter FE200S,2,450,Brand,Oriental Motor,Product Type,Inverter,Model,FE200S,Location,2014C6_LC3,eBay ID,
20687,049-001-0363,Orion Filter RA-05,1,20,Brand,Orion,Product Type,Filters,Model,RA-05,Location,2014c6_LC1,eBay ID,
4207,014-004-0251,Ozak Seiko Linear Motion Ball Bearings LFK30UU,2,25,Brand,Ozak Seiko,Product Type,Bearings,Model,LFK30UU,Location,"2004c113_114_115, 2014c2_LC1",eBay ID,
4722,022-038-0472,Panasonic NAIS Camera Cord ANM84002ACE,1,20,Brand,Panasonic,Product Type,Camera Cord,Model,ANM84002ACE,Location,2014c3_LC1,eBay ID,
1270,022-015-0019,"Patlite Loudspeaker BD-24A-J, 12-24V DC",6,115,Brand,Patlite,Product Type,Speakers,Model,BD-24A-J,Location,2014c1_LC1,eBay ID,
37712,022-038-0243,PHD Cable 17533-00-02,1,25,Brand,PHD,Product Type,Cable,Model,17533-00-02,Location,2014c3_b1,eBay ID,
1564,078-646-0002,Phoenix Contact Transducer MCR-S-10-50-UI,1,411,Brand,Phoenix Contact,Product Type,Transducers,Model,MCR-S-10-50-UI,Location,2014c5_LC1,eBay ID,
1266,205-025-0038,Pro-Face Touch Screen 2980070-01 GP2300-LG41-24V,10,200,Brand,Pro-face,Product Type,"Display Units, Panelviews",Model,2980070-01 GP2300-LG41-24V,Location,2014c3_LC1,eBay ID,
1267,MFG-000-0023,Pro-Face Touch Screen Operator Panel GP2400-TC41-24V,6,500,Brand,Pro-face,Product Type,"Display Units, Panelviews",Model,GP2400-TC41-24V,Location,2014c2,eBay ID,
20498,037-963-0033,Sanki Roller 4.2FP,12,4031,Brand,Sanki,Product Type,Rollers,Model,4.2FP,Location,2014c4_LC1,eBay ID,
5282,068-711-0005,Sanki Worm Cutter 38-32C-2,8,65,Brand,Sanki,Product Type,Worm Cutter,Model,38-32C-2,Location,2014c5,eBay ID,
18228,037-863-0001,Sanki Worm Gear 55-11-1-L,2,460,Brand,Sanki,Product Type,Worm Gear,Model,55-11-1-L,Location,2014c4_lc3,eBay ID,
6372,MFG-000-0316,Schmersal Safety Relay SRB-C.48/e-24V,1,270,Brand,Schmersal,Product Type,Relays,Model,SRB-C.48/e-24V,Location,2014c4,eBay ID,
6369,MFG-000-0315,SealMaster Bearing SPM-31 CXU 1-15/16,15,277,Brand,SealMaster,Product Type,Bearings,Model,SPM-31 CXU 1-15/16,Location,2014c4,eBay ID,
20499,027-001-0252,Showa Induction Motor M211E,7,899,Brand,Showa,Product Type,"Induction Motors, Motors",Model,M211E,Location,2014c4,eBay ID,
6376,MFG-000-0319,Showa Induction Motor M211E,8,1900,Brand,Showa,Product Type,Servo Motors,Model,M211E,Location,2014c4,eBay ID,
10216,022-001-0774,Siemens Circuit Breaker ED43B020L,6,536,Brand,Siemens,Product Type,Circuit Breakers,Model,ED43B020L,Location,2014c4_LC1,eBay ID,
1315,MFG-000-0036,Siemens ED43B020 3p 20a 480v Breaker,5,537,Brand,Siemens,Product Type,Circuit Breakers,Model,ED43B020,Location,2014c4,eBay ID,
4715,019-001-0790,Siemens Motor RGZVESD,60,1106,Brand,Siemens,Product Type,Motors,Model,RGZVESD,Location,2014c3,eBay ID,
20587,009-400-0025,SKF Bearing 6007 2ZJEM,2,20,Brand,SKF,Product Type,Bearings,Model,6007 2ZJEM,Location,2014c2,eBay ID,
20553,014-001-0481,SKF Bearing KUG6002,2,30,Brand,SKF,Product Type,Bearings,Model,KUG6002,Location,2014c2_LC1,eBay ID,
4719,017-510-0022,Slam Lock PNL0149,1,30,Brand,-,Product Type,Locks,Model,PNL0149,Location,2014c3,eBay ID,
1563,002-006-0053,SMC Actuator CDRA1BS50-180,3,295,Brand,SMC,Product Type,Actuators,Model,CDRA1BS50-180,Location,2014C6_LC3,eBay ID,
6363,039-003-0434,SMC Air Cylinder ACNL-X2-40X225-FA-S,6,158.22,Brand,SMC,Product Type,Cylinders,Model,ACNL-X2-40X225-FA-S,Location,2014c4_LC2,eBay ID,
6360,039-003-1903,SMC Air Cylinder ACNL-X2-40X600,10,173.97,Brand,SMC,Product Type,Cylinders,Model,ACNL-X2-40X600,Location,2014c4,eBay ID,
6357,039-003-1677,SMC Air Cylinder ACNL-X2-50X345-FA-K-S,12,213.11,Brand,SMC,Product Type,Cylinders,Model,ACNL-X2-50X345-FA-K-S,Location,2014c4,eBay ID,
6361,039-003-0101,SMC Air Cylinder ACNL-X2-50X54-M,7,130,Brand,SMC,Product Type,Cylinders,Model,ACNL-X2-50X54-M,Location,2014c4,eBay ID,
4221,002-001-0133,SMC Air Valve VFA3240-02,2,100,Brand,SMC,Product Type,Valve,Model,VFA3240-02,Location,2014c2_LC1,eBay ID,
20573,008-002-0007,SMC Auto Switch D-58,2,10,Brand,SMC,Product Type,Switches,Model,D-58,Location,2014c2,eBay ID,
20622,008-002-0101,SMC Auto Switch D-E73AL,1,18,Brand,SMC,Product Type,Switch,Model,D-E73AL,Location,2014c1_LC2,eBay ID,
40121,008-002-0094,SMC Auto Switch D-H7CL,1,22,Brand,SMC,Product Type,Switch,Model,D-H7CL,Location,2014c2_lc3,eBay ID,
20501,039-006-0083,SMC Band 3E3-057,1,3,Brand,SMC,Product Type,Band,Model,3E3-057,Location,2014c4_lc3,eBay ID,
20502,MFG-000-1698,SMC Band A05-F26,1,5,Brand,SMC,Product Type,Band,Model,A05-F26,Location,2014c4_LC1,eBay ID,
43759,009-900-0058,SMC Bolt For Tube Mill VVF2000-22-19,,,Brand,SMC,Product Type,Bolt ,Model,VVF2000-22-19,Location,2014C2_LC5,eBay ID,
4720,022-038-0511,SMC Cable AXT100-DS25-050,1,60.83,Brand,SMC,Product Type,Cable,Model,AXT100-DS25-050,Location,2014c3,eBay ID,
5276,040-400-0078,SMC CDBXWL25-100-A73L,6,558.9,Brand,SMC,Product Type,Cylinder,Model,CDG1BA50-25-H7BL,Location,2014c5_LC1,eBay ID,
5285,039-003-0888,SMC CDG1BA50-25-H7BL,3,167.58,Brand,SMC,Product Type,Cylinder ,Model,CDG1BA50-25-H7BL,Location,2014c5_LC1,eBay ID,
4209,039-003-2940,SMC CDG1BN40-75Z-C73L3,2,149.18,Brand,SMC,Product Type,Cylinder ,Model,CDG1BN40-75Z-C73L3,Location,2014c2_LC2,eBay ID,
6387,039-003-1712,SMC CDG1BQ40-125B,3,86.13,Brand,SMC,Product Type,Cylinder ,Model,CDG1BQ40-125B,Location,2014c4_LC2,eBay ID,
6383,039-003-0986,SMC CDJ2D16-15-A,1,24.27,Brand,SMC,Product Type,Cylinder ,Model,CDJ2D16-15-A,Location,2014c4_LC1,eBay ID,
6388,039-003-1024,SMC CDLAFN50-25-E,10,354.47,Brand,SMC,Product Type,Cylinder ,Model,CDLAFN50-25-E,Location,2014c4_LC2,eBay ID,
5401,039-003-1539,SMC CDLSF160-300-A54L-DA93L,160,2037.38,Brand,SMC,Product Type,Cylinder ,Model,CDLSF160-300-A54L-DA93L,Location,2014c1,eBay ID,
6393,039-003-1139,SMC CDM2RA20-73 32-H7BWL3-XC11,2,258.3,Brand,SMC,Product Type,Cylinder,Model,CDM2RA20-73 32-H7BWL3-XC11,Location,2014c4_LC1,eBay ID,
4210,039-003-0821,SMC CDQ2A32-150DC,3,74.93,Brand,SMC,Product Type,Cylinder,Model,CDQ2A32-150DC,Location,2014c2_LC2,eBay ID,
6384,039-003-0171,SMC CDQ2B12-20DCM,1,26.1,Brand,SMC,Product Type,Cylinder,Model,CDQ2B12-20DCM,Location,2014c4_LC1,eBay ID,
6386,039-003-0286,SMC CDQ2B63-40D,4,78.53,Brand,SMC,Product Type,Cylinder,Model,CDQ2B63-40D,Location,2014c4_LC2,eBay ID,
6380,039-003-0330,SMC CDQ2WB32-50DCMZ,2,66.2,Brand,SMC,Product Type,Cylinder,Model,CDQ2WB32-50DCMZ,Location,2014c4_LC1,eBay ID,
6366,039-003-1078,SMC CDY2S40H-381-F7-9L,20,800,Brand,SMC,Product Type,Cylinder,Model,CDY2S40H-381-F7-9L,Location,2014c4,eBay ID,
20624,039-003-1370,SMC Clamp Cylinder MHC2-25DX1760,2,225,Brand,SMC,Product Type,Cylinder,Model,MHC2-25DX1760,Location,2014c1_LC2,eBay ID,
6379,039-003-1679,SMC Compact Cylinder 20-CDQ2WB40-20DC-A73ZS,2,110.12,Brand,SMC,Product Type,Cylinders,Model,20-CDQ2WB40-20DC-A73ZS,Location,2014c4_LC2,eBay ID,
6382,039-003-0792,SMC CQ2B50-20DM,3,57,Brand,SMC,Product Type,Cylinder,Model,CQ2B50-20DM,Location,2014c4_LC1,eBay ID,
6389,039-003-1351,SMC CQ2B50-25DC,2,61.43,Brand,SMC,Product Type,Cylinder,Model,CQ2B50-25DC,Location,2014c4_LC1,eBay ID,
6390,039-003-1355,SMC CQ2B63-30DC,2,73.08,Brand,SMC,Product Type,Cylinder,Model,CQ2B63-30DC,Location,2014c4_LC1,eBay ID,
6365,039-003-1373,SMC CY1L40-A8810-400,30,896,Brand,SMC,Product Type,Cylinder,Model,CY1L40-A8810-400,Location,2014c4,eBay ID,
4208,039-003-1841,SMC Cylinder ACNL-40X1000-DCJ474AJ,15,250,Brand,SMC,Product Type,Cylinders,Model,ACNL-40X1000-DCJ474AJ,Location,2014c2,eBay ID,
6362,039-003-1026,SMC Cylinder ACNL-X2-63X140-M-A53L,10,230.49,Brand,SMC,Product Type,Cylinders,Model,ACNL-X2-63X140-M-A53L,Location,2014c4_LC1,eBay ID,
20607,039-003-0858,SMC Cylinder CDG1BN50-250,6,130,Brand,SMC,Product Type,Cylinders,Model,CDG1BN50-250,Location,2014c1_LC1,eBay ID,
20621,039-003-0860,SMC Cylinder CDG1FN40-50Z-B73L,3,73,Brand,SMC,Product Type,Cylinders,Model,CDG1FN40-50Z-B73L,Location,2014c1_LC1,eBay ID,
4211,039-003-2100,SMC Cylinder CDQ2B32-20DC,1,38.97,Brand,SMC,Product Type,Cylinder,Model,CDQ2B32-20DC,Location,2014c2_LC2,eBay ID,
20497,039-003-1140,SMC Cylinder CDQ2B40-30+15DZ-XC11,2,125,Brand,SMC,Product Type,Cylinders,Model,CDQ2B40-30+15DZ-XC11,Location,2014c4,eBay ID,
20711,039-003-1990,SMC Cylinder CDQ2B40-75D-F7BVL,2,150,Brand,SMC,Product Type,Cylinders,Model,CDQ2B40-75D-F7BVL,Location,2014c6_LC2,eBay ID,
20698,039-003-1989,SMC Cylinder CDQ2D25-40DCM-J79L,2,185,Brand,SMC,Product Type,Cylinders,Model,CDQ2D25-40DCM-J79L,Location,2014c6_LC2,eBay ID,
20680,039-003-1994,SMC Cylinder CDQSB20-5DC-M9BVZL,1,100,Brand,SMC,Product Type,Cylinders,Model,CDQSB20-5DC-M9BVZL,Location,2014c6_LC1,eBay ID,
20609,039-003-1970,SMC Cylinder CG1BN50-250Z,5,65,Brand,SMC,Product Type,Cylinders,Model,CG1BN50-250Z,Location,2014c1_LC1,eBay ID,
20675,MFG-000-1722,SMC Cylinder CM2F40-550Z-X142US,5,75,Brand,SMC,Product Type,Cylinders,Model,CM2F40-550Z-X142US,Location,2014c6,eBay ID,
20500,039-003-0682,SMC Cylinder CY2B25H-200,4,246,Brand,SMC,Product Type,Cylinders,Model,CY2B25H-200,Location,2014c4_LC1,eBay ID,
38338,039-006-0084,SMC Cylinder Kit BA-02,,,Brand,SMC,Product Type,Kit,Model,BA-02,Location,2014c4_lc3,eBay ID,
20701,039-003-2001,SMC Cylinder MGPM16-10-M9BVL,2,200,Brand,SMC,Product Type,Cylinders,Model,MGPM16-10-M9BVL,Location,2014c6_LC2,eBay ID,
20700,039-003-2016,SMC Cylinder MRQBS40-40CA,6,800,Brand,SMC,Product Type,Cylinders,Model,MRQBS40-40CA,Location,2014c6,eBay ID,
44062,MFG-000-2044,SMC Cylinder MY1B40-900L,,,Brand,SMC,Product Type,Cylinders,Model,MY1B40-900L,Location,2014c6,eBay ID,
20674,MFG-000-1721,SMC Cylinder MY1B40-90LZ,25,500,Brand,SMC,Product Type,Cylinders,Model,MY1B40-90LZ,Location,2014c6,eBay ID,
1552,039-003-3231,SMC Cylinder MY1M25-650L-Y,11,600,Brand,SMC,Product Type,Cylinders,Model,MY1M25-650L-Y,Location,2014c6,eBay ID,
4218,MFG-000-0174,SMC Filter AF40-04,4,32.54,Brand,SMC,Product Type,Filters,Model,AF40-04,Location,2014c2,eBay ID,
40058,049-001-0077,SMC Filter KT-AMD500,,,Brand,SMC,Product Type,Filter,Model,KT-AMD500,Location,2014c1,eBay ID,
20628,003-007-0013,SMC Kit AR600-1R,1,25,Brand,SMC,Product Type,Repair Kit,Model,AR600-1R,Location,2014c1_LC2,eBay ID,
5405,003-001-0090,SMC Lubricator AL20-02-C,1,15,Brand,SMC,Product Type,Lubricator,Model,AL20-02-C,Location,2014c1_LC1,eBay ID,
4212,MFG-000-0173,SMC M-X636,6,174.47,Brand,SMC,Product Type,Cylinder,Model,M-X636,Location,2014c2,eBay ID,
4213,039-003-2949,SMC MGGLB32-250,13,410.4,Brand,SMC,Product Type,Cylinder,Model,MGGLB32-250,Location,2014c2,eBay ID,
5406,039-003-1016,SMC MGPM20-35,3,164.25,Brand,SMC,Product Type,Cylinder,Model,MGPM20-35,Location,2014c1_LC1,eBay ID,
6392,039-003-1562,SMC MGPM25-30-Z73L,3,248.94,Brand,SMC,Product Type,Cylinder,Model,MGPM25-30-Z73L,Location,2014c4_LC1,eBay ID,
4216,039-003-1380,SMC MHZ2-16D-M9BLS,2,220.5,Brand,SMC,Product Type,Gripper,Model,MHZ2-16D-M9BLS,Location,2014c2_LC1,eBay ID,
4217,039-003-0942,SMC MHZ2-20DN-X51,1,251.82,Brand,SMC,Product Type,Gripper,Model,MHZ2-20DN-X51,Location,2014c2_LC2,eBay ID,
4214,039-003-1792,SMC MKA25-10L,3,110,Brand,SMC,Product Type,Cylinder,Model,MKA25-10L,Location,"2013c9_LC5, 2014c2",eBay ID,
6385,039-003-1041,SMC MXS8-30,2,238.64,Brand,SMC,Product Type,Cylinder,Model,MXS8-30,Location,2014c4_LC1,eBay ID,
6359,MFG-000-0314,SMC MY1B40-586-Y7PV,24,560.79,Brand,SMC,Product Type,Cylinder,Model,MY1B40-586-Y7PV,Location,2014c4,eBay ID,
6367,039-003-1825,SMC NCA1WL250-0500-X127US,12,180.41,Brand,SMC,Product Type,Cylinder,Model,NCA1WL250-0500-X127US,Location,2014c4_LC2,eBay ID,
20667,048-001-0002,SMC Nylon Tubing TIA07B-153-X101US,4.6,95,Brand,SMC,Product Type,Tubes,Model,TIA07B-153-X101US,Location,2014c3,eBay ID,
20668,048-001-0049,SMC Polyurethane Tubing TU0604C-153-X101US,7.2,100,Brand,SMC,Product Type,Tubes,Model,TU0604C-153-X101US,Location,2014c3,eBay ID,
5403,008-003-0082,SMC Pressure Switch ISG111-030,3,90,Brand,SMC,Product Type,Pressure Switch,Model,ISG111-030,Location,2014c1_LC1,eBay ID,
20592,003-001-0251,SMC Regulator AC40-04G,5,100,Brand,SMC,Product Type,Regulator,Model,AC40-04G,Location,2014c2,eBay ID,
6395,039-003-1038,SMC RSDQB40DD-M6201,2,93.02,Brand,SMC,Product Type,Cylinders,Model,RSDQB40DD-M6201,Location,2014c4_LC1,eBay ID,
43761,039-006-0214,SMC Seal Kit MY1B32-PS,,,Brand,SMC,Product Type,Seal Kit,Model,MY1B32-PS,Location,2014C2_LC5,eBay ID,
20705,039-003-2015,SMC Slide Table MWQ12-100CS-M9MBL,2,500,Brand,SMC,Product Type,Slide Table,Model,MWQ12-100CS-M9MBL,Location,2014c6_LC2,eBay ID,
5408,002-001-0146,SMC Solenoid Valve VP3165,6,222.66,Brand,SMC,Product Type,Solenoid Valve,Model,VP3165,Location,2014c1_LC1,eBay ID,
5407,039-003-1366,SMC Solenoid Valve VP3165,40,476.82,Brand,SMC,Product Type,Solenoid Valve,Model,VP3165,Location,2014c1,eBay ID,
20694,002-001-0116,SMC Solenoid Valve VT315-025DLS,2,85,Brand,SMC,Product Type,Valves,Model,VT315-025DLS,Location,2014c6_LC2,eBay ID,
20617,002-001-0198,SMC Solenoid Valve VX2130,2,29,Brand,SMC,Product Type,Valve,Model,VX2130,Location,2014c1_LC2,eBay ID,
20634,003-015-0054,SMC Tee Male Run KFYO8U-02,1,3,Brand,SMC,Product Type,Fitting,Model,KFYO8U-02,Location,2014c1_LC1,eBay ID,
20669,048-001-0066,SMC Tubing 8MM TRS0805R-100,10.2,300,Brand,SMC,Product Type,Tubes,Model,TRS0805R-100,Location,2014c3,eBay ID,
6391,MFG-000-0321,SMC US27375,3,48,Brand,SMC,Product Type,Valve ,Model,US27375,Location,2014c4_LC1,eBay ID,
20613,002-024-0012,SMC Valve VFM250-02-33G,2,40,Brand,SMC,Product Type,Valve ,Model,VFM250-02-33G,Location,2014c1_LC1,eBay ID,
20615,002-007-0282,SMC Valve VQZ315-5YZ1,1,30,Brand,SMC,Product Type,Valve,Model,VQZ315-5YZ1,Location,2014c1_LC1,eBay ID,
4222,002-001-0466,SMC VR4151-01A-1,1,54.84,Brand,SMC,Product Type,Valve,Model,VR4151-01A-1,Location,2014c2_LC1,eBay ID,
4219,002-001-0329,SMC VR4152-01A-1,1,55.82,Brand,SMC,Product Type,Valve,Model,VR4152-01A-1,Location,2014c2_LC2,eBay ID,
4223,002-001-0217,SMC VT316-025D,2,111.92,Brand,SMC,Product Type,Valve,Model,VT316-025D,Location,"2014c2_LC1, LC2",eBay ID,
4215,002-038-0017,SMC VV71-FPG,1,64.4,Brand,SMC,Product Type,Valve,Model,VV71-FPG,Location,2014c2,eBay ID,
4220,002-001-0001,SMC VX2330-02-5DZ1,2,53.28,Brand,SMC,Product Type,Solenoid Valve,Model,VX2330-02-5DZ1,Location,2014c2_LC1,eBay ID,
5286,MFG-000-0248,SMC VX2340V-03-5DZ1-B,2,72.9,Brand,SMC,Product Type,Valve,Model,VX2340V-03-5DZ1-B,Location,2014c5,eBay ID,
5278,MFG-000-0246,SMC VX2340V-03N-5DZ,2,71.37,Brand,SMC,Product Type,Valve,Model,VX2340V-03N-5DZ,Location,2014c5,eBay ID,
4224,055-001-0063,Stanley Door Closer CD1702,2,11,Brand,Stanley ,Product Type,Door Closer,Model,CD1702,Location,2014c2_LC2,eBay ID,
4225,MFG-000-0175,Star Ribbon RC200BR,1,8,Brand,Star Micronics,Product Type,Ribbon Cassette,Model,RC200BR,Location,2014c2,eBay ID,
20610,062-002-0018,Steel Flex Hose 20A-X-1500L,5,95,Brand,-,Product Type,Hoses,Model,20A-X-1500L,Location,2014c1_LC1,eBay ID,
9171,MFG-000-0700,STI MiniSafe Light Curtain 42672-0440 Transmitter MS4344BX and Receiver MS4344BR,8,1500,Brand,STI,Product Type,Safety Light Curtains,Model,42672-0440,Location,"2012c10, 2012c6, 2014c3",eBay ID,
4226,009-900-0008,Sumitomo Carbide Tools M-2550299-000,2,20,Brand,Sumitomo,Product Type,Carbide Tools,Model,M-2550299-000,Location,2014c2_LC2,eBay ID,
1244,023-001-0121,Sumitomo SM-Cyclo 3 Phase Motor RMYM05-1320 YC-20,20,650,Brand,Sumitomo,Product Type,Phase Motor,Model,RMYM05-1320 YC-20,Location,2014c4,eBay ID,
20642,018-002-0071,Sumitomo SM-Cyclo Gear Box CNVMO24075-YBB11,21,680,Brand,Sumitomo,Product Type,Gear Reducers,Model,CNVMO24075-YBB11,Location,2014c3,eBay ID,
4705,022-040-0035,SunX Bracket Mount MS-SFB-1-T,1,48,Brand,SunX,Product Type,Mounts,Model,MS-SFB-1-T,Location,2014c3_LC1,eBay ID,
20664,022-012-0022,SunX Light Sensor NA40-4SUP,2,165,Brand,SunX,Product Type,Sensors,Model,NA40-4SUP,Location,2014c3,eBay ID,
40144,013-001-0471,SUPER TORQUE Timing Belt 250S8M824,,,Brand,SUPER TORQUE,Product Type,Belt ,Model,250S8M824,Location,2014C2_LC4,eBay ID,
20604,003-020-0044,Swagelok Plug SS-QF4-S-4MT,1,12,Brand,-,Product Type,Plugs,Model,SS-QF4-S-4MT,Location,2014c1,eBay ID,
20631,003-019-0033,Swagelok Socket QF-B-400,1,44,Brand,Swagelok,Product Type,Socket,Model,QF-B-400,Location,2014c1_LC2,eBay ID,
20544,049-001-0342,Taisei Kogyo Suction Filter SFN-10-150K,3,70,Brand,Taisei Kogyo,Product Type,Filters,Model,SFN-10-150K,Location,2014c5,eBay ID,
40098,022-038-0427,TAIYO Cable DP9320088-2,,,Brand,Taiyo,Product Type,Cable ,Model,DP9320088-2,Location,2014c2_lc3,eBay ID,
20510,039-003-1788,Task Master Cylinder TM-831000-03400,16,100,Brand,Task Master,Product Type,Cylinders,Model,TM-831000-03400,Location,2014c4,eBay ID,
20518,042-001-0600,TCM Oil Seal 12X19X3,1,4,Brand,TCM,Product Type,Seals,Model,12X19X3,Location,2014c5_LC1,eBay ID,
20659,022-007-0020,Telemecanique Relay CA2DN316K7,2,20,Brand,Telemecanique ,Product Type,Relays,Model,CA2DN316K7,Location,2014c3_LC2,eBay ID,
20619,060-001-0163,TEM Coupling NEF10WPN-172X32J10,5,242,Brand,TEM ,Product Type,Coupling ,Model,NEF10WPN-172X32J10,Location,2014c1_LC1,eBay ID,
20531,076-505-0072,Tensioner M-SM-12-0045-49-6A,5,160,Brand,-,Product Type,Tensioner,Model,M-SM-12-0045-49-6A,Location,2014c5_LC1,eBay ID,
4709,MFG-000-0194,Tex Riken Cable 5M 3-Wire Pico QD RKMV3-224/5M,2,25,Brand,Tex Riken ,Product Type,Cable ,Model,QD RKMV3-224/5M,Location,2014c3,eBay ID,
38298,068-400-0232,Tex Riken Coil TN-2S 22x3.2-21,,,Brand,Tex Riken ,Product Type,Coil,Model,TN-2S 22Ã—3.2-21,Location,2014c3_b1,eBay ID,
4227,014-011-0417,THK Ball Screw BTK2010-2.6ZZ 1187LT,10,459.99,Brand,THK,Product Type,Ball Screw,Model,BTK2010-2.6ZZ 1187LT,Location,2014c2,eBay ID,
20688,014-018-0017,THK Ball Spline LTR32KUUZZOMS+230L,7,400,Brand,THK,Product Type,Ball Spline,Model,LTR32KUUZZOMS+230L,Location,2014c6_LC1,eBay ID,
20569,014-002-0004,THK Cam Follower CF-F1-6,1,55,Brand,THK,Product Type,Cams,Model,CF-F1-6,Location,2014c2_LC2,eBay ID,
5281,014-004-0486,THK Guide 2SRS20MUUC1 212L,2,250,Brand,THK,Product Type,Guide,Model,2SRS20MUUC1 212L,Location,2014c5_LC1,eBay ID,
20707,MFG-000-1725,THK Linear Bearing 2SRS5WGNUU+110LM-11,1,120,Brand,THK,Product Type,Bearings,Model,2SRS5WGNUU+110LM-11,Location,2014c6_LC2,eBay ID,
44052,014-004-0693,THK Linear Bearing SHS25-1240L (GK),7,300,Brand,THK,Product Type,Bearings,Model,SHS25-1240L (GK),Location,2014c6,eBay ID,
4228,MFG-000-0176,THK Linear Bearing SR2QV2SSCI-335L,2,245,Brand,THK,Product Type,Bearings,Model,SR2QV2SSCI-335L,Location,2014c2,eBay ID,
40162,014-004-0111,THK Linear Guide SR20V2SSC+335L,8,110,Brand,THK,Product Type,Guide,Model,SR20V2SSC+335L,Location,2014C2_LC4,eBay ID,
4229,014-004-0297,THK Linear Rail Guide RSR12WZMUUC1-215L,2,225,Brand,THK,Product Type,Linear Rail Guide,Model,RSR12WZMUUC1-215L,Location,2014c2_LC1,eBay ID,
20692,014-003-0153,THK LM Bearing 2SRS12WM+112LM,2,120,Brand,THK,Product Type,Bearing,Model,2SRS12WM+112LM,Location,2014c6_LC1,eBay ID,
4230,076-811-0005,THK Roller Ring RB10020UUCOP5,3,330,Brand,THK,Product Type,Roller Ring,Model,RB10020UUCOP5,Location,2014c2_LC1,eBay ID,
5287,039-003-1586,THK Slide Table KR45H10B 940LH0-1-60C,35,1299,Brand,THK,Product Type,-,Model,SVR35R2QZUUC1 440L,Location,2014c5,eBay ID,
1232,MFG-000-0010,THK SVR35R2QZUUC1 440L,5,600,Brand,THK,Product Type,-,Model,SVR35R2QZUUC1 440L,Location,2014c3,eBay ID,
40123,014-031-0002,Thrust Needle Roller Bearing NTB3047,1,5,Brand,-,Product Type,Roller Bearing,Model,NTB3047,Location,"2014c2_lc3, 2014C2_LC5",eBay ID,
6371,022-007-0284,Tiese Automation Relay SAFE L.1,2,50,Brand,Tiese ,Product Type,Automation Relay,Model,SAFE L.1,Location,2014c4_LC1,eBay ID,
40143,013-001-0149,Timing Belt 150-L-013A-J,,,Brand,-,Product Type,Belts,Model,150-L-013A-J,Location,2014C2_LC4,eBay ID,
40176,013-001-0406,Timing Belt 375-5GT-15,,,Brand,-,Product Type,Belts,Model,375-5GT-15,Location,2014C2_LC4,eBay ID,
40138,013-001-0454,Timing Belt 760P8M15,,,Brand,-,Product Type,Belts,Model,760P8M15,Location,2014C2_LC4,eBay ID,
20591,013-001-0378,Timing Belt MA-400,2,213,Brand,-,Product Type,Belts,Model,MA-400,Location,2014c2_LC1,eBay ID,
40159,013-001-0317,Timing Belt NCR-750,,,Brand,-,Product Type,Belts,Model,NCR-750,Location,2014C2_LC4,eBay ID,
40687,MFG-000-2021,Timing Belt S8M 848CXP,1,10,Brand,-,Product Type,Belts,Model,S8M 848CXP,Location,2014c1,eBay ID,
40692,MFG-000-2025,Timing Belt S8M896,1,20,Brand,-,Product Type,Belts,Model,S8M896,Location,2014c1,eBay ID,
38395,013-001-0285,Timing Belt T10-15+85,,,Brand,-,Product Type,Belts,Model, T10-15+85,Location,2014c3_LC2,eBay ID,
4231,202-015-0061,Tokimec Pilot Valve DG5V-H8-2A-U7-H-82-JA484,40,690,Brand,Tokimec,Product Type,Valves,Model,DG5V-H8-2A-U7-H-82-JA484,Location,2014c2,eBay ID,
20588,002-002-0044,Tokimec Proportional Solenoid Control Valve EPCG2-10-150-Y-11,32,750,Brand,Tokimec,Product Type,"Relief Valves, Valves",Model,EPCG2-10-150-Y-11,Location,2014c2,eBay ID,
1231,002-015-0035,Tokimec Solenoid Operated Directional Control Valve DG4V-5-2A-M-P7L-H-7-40,10,650,Brand,Tokimec,Product Type,"Solenoid Valves, Valves",Model,DG4V-5-2A-M-P7L-H-7-40,Location,2014c1_LC1,eBay ID,
10452,044-001-0130,Torque Limiter TR-44,16,150,Brand,-,Product Type,Torque Limiters,Model,TR44,Location,2014c5_LC5,eBay ID,
40028,022-038-0210,Toshiba Fiber Optic Cable TOCP100-22M,1,18,Brand,Toshiba ,Product Type,Cable,Model,TOCP100-22M,Location,2014C1_LC3,eBay ID,
40092,062-001-0008,Toyo x Super Toyoron Nylon Tubing ST1S 12X17,3,34.25,Brand,Toyo x Super Toyoron,Product Type,Tubing,Model,ST1S 12X17,Location,2014c2_lc3,eBay ID,
40094,022-014-0124,Toyo-oki 01F1 Hytegra Valve,1,42.56,Brand,Toyo-oki,Product Type,Valve,Model,01F1 ,Location,2014c2_lc3,eBay ID,
1229,002-014-0125,Toyo-oki HD3-3W-BGA-025A-LYD,7,385,Brand,Toyo-oki,Product Type,Valves,Model,HD3-3W-BGA-025A-LYD,Location,2014c1_LC1,eBay ID,
4232,002-014-0088,Toyo-oki Hytegra Valve HKF3HW-Y1-40K-025B,6,85,Brand,Toyo-oki,Product Type,Valves,Model,HKF3HW-Y1-40K-025B,Location,2014c2_LC2,eBay ID,
40032,032-014-0129,Toyo-oki KOGO HD3-3W-BGA-025A-LYD Solenoid Directional Valve,4,65.99,Brand,Toyo-oki,Product Type,Valves,Model,HD3-3W-BGA-025A-LYD,Location,2014C1_LC4,eBay ID,
43896,MFG-000-2039,Toyo-oki KOGYO Solenoid Directional Valve HD3-3W-BCA-025A-LYD,2,152,Brand,Toyo-oki,Product Type,Valves,Model,HD3-3W-BCA-025A-LYD,Location,2014C5_LC4,eBay ID,
4197,MFG-000-0169,Toyo-oki Solenoid Valve HD3-3W-BG1A-03A-LYD2,10,200,Brand,Toyo-oki,Product Type,Valves,Model,HD3-3W-BG1A-03A-LYD2,Location,2014c2,eBay ID,
20551,002-014-3124,Toyo-oki Valve 01Fl,2,300,Brand,Toyo-oki,Product Type,Valves,Model,01Fl,Location,2014c2_LC1,eBay ID,
20550,MFG-000-1706,Toyo-oki Valve 04Al,4,220,Brand,Toyo-oki,Product Type,Valves,Model,04Al,Location,2014c2_LC1,eBay ID,
20548,MFG-000-1704,Toyo-oki Valve 04Bl,4,220,Brand,Toyo-oki,Product Type,Valves,Model,04Bl,Location,2014c2_LC1,eBay ID,
20549,MFG-000-1705,Toyo-oki Valve 05Bl,4,250,Brand,Toyo-oki,Product Type,Valves,Model,05Bl,Location,2014c2_LC1,eBay ID,
6370,027-001-0202,Trocho Motor Pump KSP-MA18J-DB-75W,18,293,Brand,Trocho ,Product Type,Motor Pump,Model,KSP-MA18J-DB-75W,Location,2014c4,eBay ID,
20673,015-001-0278,Tsubaki Chain RF2050VRP-A-64,21,200,Brand,Tsubaki,Product Type,Chain ,Model,RF2050VRP-A-64,Location,2014c6,eBay ID,
5290,000-001-0274,Tsubaki Emer-Flex Coupling KK-422X25J,20,150,Brand,Tsubaki,Product Type,Flexible Coupling,Model,KK-422X25J,Location,2014c5_LC2,eBay ID,
4716,MFG-000-0197,Tsubaki Gear Motor GMT020L165,25,600,Brand,Tsubaki,Product Type,Gear Motor,Model,GMT020L165,Location,2014c3,eBay ID,
1227,023-001-0132,Tsubaki Gear Motor GMTA010-24L120V4,13,535,Brand,Tsubaki,Product Type,Gear Motor,Model,GMTA010-24L120V4,Location,2014c4,eBay ID,
4233,MFG-000-0177,Tsubaki Timing Gear,50,400,Brand,Tsubaki,Product Type,Timing Gear,Model,-,Location,2014c2,eBay ID,
43914,044-001-0133,Tsubaki Torque Guard TGB30-L-30J-5,,,Brand,Tsubaki,Product Type,Torque Guard,Model,TGB30-L-30J-5,Location,2014C5_LC4,eBay ID,
5283,044-001-0072,Tsubaki Torque Limiter TL500-1-9.5-28,9,300,Brand,Tsubaki,Product Type,Torque Limiter,Model,TL500-1-9.5-28,Location,2014c5_LC2,eBay ID,
20540,076-505-0021,Tsubakimoto Guard 43-143,3,90,Brand,Tsubaki,Product Type,Guards,Model,43-143,Location,2014c5_LC2,eBay ID,
6377,MFG-000-0320,Turck Cable MS 3116M-16-26P-2067-3/S101,3,110,Brand,Turck ,Product Type,Cables,Model,MS 3116M-16-26P-2067-3/S101,Location,2014c4_LC1,eBay ID,
20511,027-002-0277,Vacuum Cover N-K293-110FORWM40,14,30,Brand,-,Product Type,Vaccuum Covers,Model,N-K293-110FORWM40,Location,2014c4,eBay ID,
5280,MFG-000-0247,Venlic AST100 1C131A,4,200,Brand,Venlic ,Product Type,-,Model,AST100 1C131A,Location,2014c5_LC1,eBay ID,
4234,202-002-0039,Vickers Valve TCG55-06-FEV-P7-H-12,23,800,Brand,Vickers ,Product Type,Valves,Model,TCG55-06-FEV-P7-H-12,Location,2014c2,eBay ID,
20632,005-001-0452,Weidmuller Interface Module 919658,2,3,Brand,Weidmuller,Product Type,Interface Module,Model,919658,Location,2014c1_LC1,eBay ID,
5399,016-004-0222,White Higgins Bearing BM-07,1,9,Brand,White Higgins,Product Type,Bearings,Model,BM-07,Location,2014c1_LC1,eBay ID,
20509,027-002-0002,Wilden Pump Sealant 01-9500-99,1,25,Brand,Wilden,Product Type,Pumps,Model,01-9500-99,Location,2014c4_LC2,eBay ID,
43853,044-001-0123,Yale Brake Disk 648858301,1,100,Brand,Yale ,Product Type,Brake Disk,Model,648858301,Location,2014C5_LC3,eBay ID,
4711,MFG-000-0196,Yamada Dobby AC Servo Motor 01070008,20,849,Brand,Yamada,Product Type,Motors,Model,1070008,Location,2014c3,eBay ID,
4710,MFG-000-0195,Yamada Dobby AC Servo Motor 04100005M,20,700,Brand,Yamada,Product Type,Motors,Model,04100005M,Location,2014c3,eBay ID,
20654,005-017-0071,Yamaichi Connector Splitter 410141-0740,1,348,Brand,Yamaichi,Product Type,Connectors,Model,410141-0740,Location,2014c3_LC2,eBay ID,
44009,076-505-0043,YAMASEI Urethane T1X80X1300,1,0,Brand,-,Product Type,-,Model,-,Location,2014c6_LC2,eBay ID,
1217,019-004-0053,Yaskawa AC Servo Motor SGM-04VW14-C,8,485,Brand,Yaskawa,Product Type,Servo Motor,Model,SGM-04VW14-C,Location,2014c2_LC2,eBay ID,
1562,MFG-000-0116,Yaskawa AC Servo Motor SGM-08AW12S,12,1400,Brand,Yaskawa,Product Type,Servo Motor,Model,SGM-08AW12S,Location,2014c3,eBay ID,
1209,019-004-0216,Yaskawa AC Servo Motor SGMAH-02A1A21,6,480,Brand,Yaskawa,Product Type,Servo Motor,Model,SGMAH-02A1A21,Location,2014c4_LC1,eBay ID,
20689,019-001-1006,Yaskawa AC Servo Motor SGMJV-08A3A2C,10,750,Brand,Yaskawa,Product Type,Servo Motor,Model,SGMJV-08A3A2C,Location,2014c6,eBay ID,
20541,MFG-000-1702,Yaskawa Cable JEPMC-W6012-01-E,1,75,Brand,Yaskawa,Product Type,Cable,Model,JEPMC-W6012-01-E,Location,2014c5_LC2,eBay ID,
1212,035-800-0007,Yaskawa Machine Controller JAPMC-CM2320,5,500,Brand,Yaskawa,Product Type,Machine Controller,Model,JAPMC-CM2320,Location,2014C6_LC3,eBay ID,
20515,219-004-0204,Yaskawa Motor SGMGH-30A2A25-REPA,43,800,Brand,Yaskawa,Product Type,Motor,Model,SGMGH-30A2A25-REPA,Location,2014c5,eBay ID,
40147,219-004-0177,Yaskawa Servo Motor SGM-04UW14-C,20,860,Brand,Yaskawa,Product Type,Servo Motor,Model,SGM-04UW14-C,Location,2014C2_LC4,eBay ID,
1206,231-001-0685,Yaskawa Servopack SGD-04AN,5,1498,Brand,Yaskawa,Product Type,Servopack,Model,SGD-04AN,Location,2014c2,eBay ID,
40136,000-000-0318,Yokogawa Pen Cartridge B9902AM,1,12,Brand,Yokogawa,Product Type,Pen Cartridge,Model,B9902AM,Location,2014C2_LC4,eBay ID,
40135,000-000-0317,Yokogawa Pen Cartridge B9902AN,1,12,Brand,Yokogawa,Product Type,Pen Cartridge,Model,B9902AN,Location,2014C2_LC4,eBay ID,
40137,000-000-0319,Yokogawa Pen Cartridge B9902ARKC,1,12,Brand,Yokogawa,Product Type,Pen Cartridge,Model,B9902ARKC,Location,2014C2_LC4,eBay ID,
