ID,SKU,Name,Short description,Weight (lbs),Regular price,Attribute 1 name,Attribute 1 value(s),Attribute 2 name,Brand,Attribute 3 name,Product Type,Attribute 4 name,Model,Attribute 5 name,Attribute 5 value(s)
39334,022-038-0740,Cable Cool -100C,-,1,0,Location,2015C6_LC3,Brand,Keyence,Product Type,-,Model,-,eBay ID,
39319,013-003-0268,Conv. Belt HAT8P 30MMX2065MM,-,1,0,Location,2015C6_LC3,Brand,PRAXAIR,Product Type,-,Model,-,eBay ID,
39318,013-003-0267,Conv. Belt HAT8P 30MMX3485MM,-,1,0,Location,2015C6_LC3,Brand,-,Product Type,-,Model,-,eBay ID,
39317,013-003-0266,Conv. Belt HAT8P 30MMX4475MM,-,1,0,Location,2015C6_LC3,Brand,-,Product Type,-,Model,-,eBay ID,
39309,045-003-0005,Conveyor 1.88 OD 7777ROLLER,-,1,0,Location,2015c6,Brand,-,Product Type,-,Model,-,eBay ID,
37687,036-500-0031,Coupling M-500505-001,Do not post,1,,Location,2015c3,Brand,-,Product Type,Coupling,Model,-,eBay ID,
39355,060-001-0393,Coupling NEF04W-N15CXK19C,Do not post,1,,Location,2015C6_LC4,Brand,-,Product Type,Coupling,Model,-,eBay ID,
43928,040-405-0004,Cover 30-1,Do not post,1,,Location,2015C5_LC6,Brand,-,Product Type,-,Model,-,eBay ID,
1460,MFG-000-0064,Baldor Reliance M3714T Industrial Motor 37G813S275H1,173352202914,80,1750,Location,2015c1,Brand,ASCO,Product Type,Motors,Model,M3714T,eBay ID,173352202914
43965,068-473-0001,Cover Plate 24-4,Do not post,1,,Location,2015C5_LC6,Brand,-,Product Type,-,Model,-,eBay ID,
43982,068-525-0009,Dinse Shaft 374-70-090,Do not post,1,,Location,2015C5_LC6,Brand,-,Product Type,-,Model,-,eBay ID,
43941,MFG-000-2041,Dinse Tip Adapter,Do not post,1,,Location,2015C5_LC6,Brand,-,Product Type,-,Model,-,eBay ID,
43959,076-505-0058,Divider (Tube) 42-34,Do not post,1,,Location,2015C5_LC6,Brand,-,Product Type,-,Model,-,eBay ID,
39244,036-615-0094,Duct. M-2108062-400,Do not post,1,,Location,2015C5_B2,Brand,-,Product Type,-,Model,-,eBay ID,
43974,064-001-0080,Finger 41-02,Do not post,1,,Location,2015C5_LC6,Brand,-,Product Type,-,Model,-,eBay ID,
39222,463-532-0005,Harness H-532-01 DN HVAC,Do not post,1,,Location,2015c2_LC4,Brand,-,Product Type,Harness,Model,-,eBay ID,
39220,463-532-0004,Harness H-532-05,Do not post,1,,Location,2015c2_LC4,Brand,-,Product Type,Harness,Model,-,eBay ID,
39231,463-532-0001,Harness H-532-53,Do not post,1,,Location,2015C2_LC6,Brand,-,Product Type,Harness,Model,-,eBay ID,
39236,463-532-0617,Harness H-532-57,Do not post,1,,Location,2015C2_LC7,Brand,-,Product Type,Harness,Model,-,eBay ID,
39235,463-532-0019,Harness H-532-64,Do not post,1,,Location,2015C2_LC7,Brand,-,Product Type,Harness,Model,-,eBay ID,
39233,463-576-0006,Harness H-676-04,Do not post,1,,Location,2015C2_LC7,Brand,-,Product Type,Harness,Model,-,eBay ID,
39234,463-676-0004,Harness H-676-05,Do not post,1,,Location,2015C2_LC7,Brand,-,Product Type,Harness,Model,-,eBay ID,
39237,463-676-0005,Harness H-676-06,Do not post,1,,Location,2015C2_LC7,Brand,-,Product Type,Harness,Model,-,eBay ID,
39219,017-006-0012,Hose KPM16F62M551-03,-,1,0,Location,2015s3,Brand,Allen-Bradley,Product Type,-,Model,-,eBay ID,
39226,014-011-0500,Product,,1,0,Location,2015c2_LC4,Brand,Allen-Bradley,Product Type,-,Model,-,eBay ID,
39243,036-615-0047,Product,,1,0,Location,2015C5_B2,Brand,ASCO,Product Type,-,Model,-,eBay ID,
39278,036-615-0095,Product,,1,0,Location,2015C5_B2,Brand,-,Product Type,-,Model,-,eBay ID,
39279,036-615-0052,Product,,1,0,Location,2015C5_B2,Brand,-,Product Type,-,Model,-,eBay ID,
39280,036-615-0051,Product,,1,0,Location,2015C5_B2,Brand,Keyence,Product Type,-,Model,-,eBay ID,
39282,036-615-0061,Product,,1,0,Location,2015C5_B2,Brand,KURODA,Product Type,-,Model,-,eBay ID,
39283,036-615-0057,Product,,1,0,Location,2015C5_B2,Brand,Tokimec,Product Type,-,Model,-,eBay ID,
39302,036-615-0098,Product,,1,0,Location,2015C5_B2,Brand,Allen-Bradley,Product Type,-,Model,-,eBay ID,
39306,422-615-0204,Product,,1,0,Location,2015C5_B2,Brand,AVALON,Product Type,-,Model,-,eBay ID,
39310,MFG-000-2012,Product,,1,0,Location,2015c6,Brand,-,Product Type,-,Model,-,eBay ID,
16921,022-012-0210,SunX SF1-N-40 Emitter &amp; Receiver,174203304950,4,850,Location,"2013c7, 2015c5",Brand,Allen-Bradley,Product Type,Light Curtains,Model,SF1-N-40,eBay ID,174203304950
39323,426-730-0005,Product,,1,0,Location,2015C6_LC3,Brand,WIKA,Product Type,-,Model,-,eBay ID,
39325,418-615-0003,Product,,1,0,Location,2015C6_LC3,Brand,FYH,Product Type,-,Model,-,eBay ID,
39347,036-615-0087,Product,,1,0,Location,2015C6_LC4,Brand,SINFONIA,Product Type,-,Model,-,eBay ID,
13809,031-001-0702,Misumi Control DNIP-2000MR-ML-MOLES,174203304499,40,800,Location,2015c2,Brand,Allen-Bradley,Product Type,Controllers,Model,DNIP-2000MR-ML-MOLES,eBay ID,174203304499
43977,054-001-0096,Product,,1,0,Location,2015C5_LC6,Brand,Keyence,Product Type,-,Model,-,eBay ID,
18093,005-005-0502,Cognex DVT CIO-1400,173958350258,1,755,Location,2015c1_LC2,Brand,IFM Electronic,Product Type,Modules,Model,CIO1400,eBay ID,173958350258
16874,022-012-0356,Banner Light Curtain Receiver SLSR-14-750Q8,174003796892,4,750,Location,2015c5,Brand,ASCO,Product Type,"Lights, Safety Light Curtains",Model,SLSR-14-750Q8,eBay ID,174003796892
43958,068-626-0090,Receiver M-2820732-070,Do not post,1,0,Location,2015C5_LC6,Brand,-,Product Type,-,Model,-,eBay ID,
39336,039-004-0026,Repair Kit HYP505H Assembly B,-,1,,Location,2015c6,Brand,-,Product Type,-,Model,-,eBay ID,
43983,040-400-0109,Roller (Lower) 15-33,Do not post,1,,Location,2015C5_LC6,Brand,LIMITRON,Product Type,-,Model,-,eBay ID,
39343,076-910-0005,Roller 21-18,Do not post,1,,Location,2015C6_LC4,Brand,-,Product Type,-,Model,-,eBay ID,
13794,022-039-0163,7435,Do not post,3,700,Location,2015c2_LC1,Brand,-,Product Type,-,Model,7435,eBay ID,Do not post
39344,036-500-0008,Roller 21-23,Do not post,1,,Location,2015C6_LC4,Brand,TACO,Product Type,-,Model,-,eBay ID,
43986,040-505-0010,Roller 25-143,Do not post,1,,Location,2015C5_LC6,Brand,Banner,Product Type,-,Model,-,eBay ID,
18229,011-870-0007,201468A Cap,Do not post,1,680,Location,2015c1_LC1,Brand,-,Product Type,Cap,Model,201468A,eBay ID,Do not post
43935,077-408-0002,Roller 50-8M,Do not post,1,,Location,2015C5_LC6,Brand,ASCO,Product Type,-,Model,-,eBay ID,
17405,017-058-0002,Hopper Body MVH-20,Do not post,21,650,Location,2015c3,Brand,ASCO,Product Type,Hopper body,Model,MVH-20,eBay ID,Do not post
39330,036-615-0084,Roller Assy M615-2-5-06,Do not post,1,,Location,2015C6_LC3,Brand,Toshiba,Product Type,-,Model,-,eBay ID,
39348,MFG-000-2013,Sanki 21-52B,Do not post,1,,Location,2015C6_LC4,Brand,TACO,Product Type,-,Model,-,eBay ID,
43946,068-625-0007,SANKI Block M-2820525,Do not post,1,,Location,2015C5_LC6,Brand,SIGMATEK,Product Type,-,Model,-,eBay ID,
18238,004-002-0054,GDS40SG1 Flow Meter,Do not post,15,584,Location,2015c1,Brand,NIDEC,Product Type,Flow Controls,Model,GDS40SG1,eBay ID,Do not post
43929,068-626-0074,SANKI Joint M-2820215-163,Do not post,1,,Location,2015C5_LC6,Brand,ASCO,Product Type,-,Model,-,eBay ID,
39218,219-004-0011,Servo Motor GRK2200K-T,-,,0,Location,2015s3,Brand,Keyence,Product Type,-,Model,-,eBay ID,
13795,468-562-0001,Connector 39900-002,Do not post,1,555,Location,2015c5_LC2,Brand,ASCO,Product Type,Connectors,Model,39900-002,eBay ID,Do not post
39215,019-001-0562,Servo Motor HA-SA152LY,-,,0,Location,2015s3,Brand,Allen-Bradley,Product Type,-,Model,-,eBay ID,
37681,019-004-0248,Servo Motor SGMAH-08A1AJ12C,-,,0,Location,2015c3,Brand,ASCO,Product Type,-,Model,-,eBay ID,
37683,219-004-0248,Servo Motor SGMAH-08A1AJ12C,-,,0,Location,2015c3,Brand,Keyence,Product Type,-,Model,-,eBay ID,
39357,014-004-0482,THK Linear Brg SRS15WGMSSC1+750LM,-,1,0,Location,2015c2_LC4,Brand,VARIAN,Product Type,-,Model,-,eBay ID,
39356,014-004-0531,THK Linear Brg SRS15WGMSSC1+790LM,-,1,0,Location,2015c2_LC4,Brand,Patlite,Product Type,-,Model,-,eBay ID,
39223,463-532-0024,Tz3 Ext Harness H-532-TZ3,-,1,0,Location,2015c2_LC4,Brand,Allen-Bradley,Product Type,-,Model,-,eBay ID,
39230,MFG-000-2010,X272 Rear Blower Harness H-532,-,1,0,Location,2015C2_LC6,Brand,Allen-Bradley,Product Type,-,Model,-,eBay ID,
39229,MFG-000-2009,X272/X222 Auto Harness H-532,-,1,0,Location,2015C2_LC5,Brand,Allen-Bradley,Product Type,-,Model,-,eBay ID,
13787,MFG-000-1170,BOARD D-339-000 Repaired,Do not post,3,450,Location,2015c5_LC2,Brand,Allen-Bradley,Product Type,Circuit Boards,Model,D-339-000,eBay ID,Do not post
39322,429-730-0003,Y Branch HM-S0-14-005-04,-,1,0,Location,2015C6_LC3,Brand,-,Product Type,-,Model,-,eBay ID,
39314,013-007-0030,Bestorq BX47 Belt,-,1,7,Location,2015c6,Brand,Bestorq,Product Type,BELT,Model,BX47,eBay ID,
39312,013-002-0084,B47 Belt,-,1,10,Location,2015c6,Brand,-,Product Type,BELT,Model,B47,eBay ID,
39311,013-002-0188,BX49 Belt,-,1,10,Location,2015c6,Brand,-,Product Type,BELT,Model,BX49,eBay ID,
18187,004-001-0120,Nisshin 7911389,-,2,10.99,Location,2015c1_LC5,Brand,Nisshin,Product Type,-,Model,7911389,eBay ID,
18147,003-025-0022,SMC ZPT10DU-A5,-,1,11,Location,2015c1_LC6,Brand,SMC,Product Type,-,Model,ZPT10DU-A5,eBay ID,
18149,003-015-0108,Swagelok B-810-3TMT,-,2,11,Location,2015c1_LC4,Brand,Swagelok,Product Type,-,Model,B-810-3TMT,eBay ID,
18199,005-026-0011,Toshiba JKL24M2,173958350909,1,350,Location,2015c1_LC4,Brand,VARIAN,Product Type,Lens,Model,JKL24M2,eBay ID,173958350909
18148,011-001-0180,Stokes Vacuum Connector 900-315-009,Do not post,20,350,Location,2015c1,Brand,-,Product Type,Connectors,Model,900-315-009,eBay ID,Do not post
18087,005-005-0428,Allen-Bradley 1756-N2/B,-,1,12,Location,2015c1_LC1,Brand,Allen-Bradley,Product Type,-,Model,1756-N2/B,eBay ID,
13813,014-005-0106,Nippon GS3052,-,1,12,Location,2015c2_LC1,Brand,Nippon,Product Type,-,Model,GS3052,eBay ID,
16899,004-002-0060,Level Gauge 81021-9,-,1,13,Location,2015c5,Brand,Allen-Bradley,Product Type,Gauges,Model,81021-9,eBay ID,-
13811,014-012-0141,Nippon TAFI61612 Bearing,-,1,13,Location,2015c5_LC2,Brand,Nippon,Product Type,Bearing,Model,TAFI61612,eBay ID,
18144,002-016-0003,SMC VVFS2000-R-01-1,-,2,13,Location,2015c1_LC5,Brand,SMC,Product Type,-,Model,VVFS2000-R-01-1,eBay ID,
18110,004-001-0126,Marsh Bellofram J6218,-,2,14,Location,2015c1_LC5,Brand,Marsh Bellofram,Product Type,-,Model,J6218,eBay ID,
18096,002-015-0033,Eaton Corporation Vickers DG4V 3S 8C V M FW H5 61,173958351939,6,300,Location,2015c1_LC4,Brand,SIGMATEK,Product Type,Valves,Model,DG4V3S8CVMFWH561,eBay ID,173958351939
16901,205-020-0004,Pendant 410100-0450 w/repair report,174003797266,9,300,Location,2015c5,Brand,Allen-Bradley,Product Type,-,Model,410100-0450,eBay ID,174003797266
13828,039-003-3511,SMC NCMB075-0300,-,2,15,Location,2015c2_LC2,Brand,SMC,Product Type,-,Model,NCMB075-0300,eBay ID,
16887,003-002-0034,SMC ZZM-SA,-,1,15,Location,2015c5,Brand,SMC,Product Type,-,Model,ZZM-SA,eBay ID,
13812,014-012-0022,Nippon TA252OZ,-,1,17,Location,2015c2_LC1,Brand,Nippon,Product Type,-,Model,TA252OZ,eBay ID,
22660,061-001-0305,KHK M-1122887-021 Gear,-,7,20,Location,2015c6_LC1,Brand,KHK,Product Type,GEAR,Model,M-1122887-021,eBay ID,
22661,061-001-0307,KHK N Gear,-,7,20,Location,2015c6_LC1,Brand,KHK,Product Type,GEAR,Model,N,eBay ID,
17393,002-007-0382,SMC VVQ4000-R-1-03,-,3,20,Location,2015c3_LC1,Brand,SMC,Product Type,-,Model,VVQ4000-R-1-03,eBay ID,
18109,008-002-0122,Koganei CS9HA,-,1,21,Location,2015c1_LC4,Brand,Koganei,Product Type,-,Model,CS9HA,eBay ID,
18125,003-025-0005,Parker Schrader Bellows PFTS10A4NBR,-,1,24,Location,2015c1_LC5,Brand,Parker Schrader Bellows,Product Type,-,Model,PFTS10A4NBR,eBay ID,
16579,MFG-000-1462,ASCO Redhat Rebuild Kit 100424,-,2,25,Location,2015c5_LC3,Brand,ASCO,Product Type,-,Model,-,eBay ID,
13782,014-004-0634,ASK LCF20AVUU Bushing,-,3,25,Location,2015c2_LC2,Brand,ASK,Product Type,BUSHING,Model,LCF20AVUU,eBay ID,
1289,019-001-0961,Oriental Motor BHI62ST-G2,173352215078,8,277,Location,2015c1,Brand,ASCO,Product Type,"Induction Motors, Motors",Model,BHI62STG2,eBay ID,173352215078
18176,002-038-0030,Mac 35ASACRA11,-,1,25,Location,2015c1_LC6,Brand,MAC,Product Type,-,Model,35ASACRA11,eBay ID,
17413,039-003-0340,SMC CDJP2816-20D,-,4,25,Location,2015c3_LC1,Brand,SMC,Product Type,-,Model,CDJP2816-20D,eBay ID,
16895,008-003-0221,Kosmek JBA2700-0GC,174003797070,2,250,Location,2015c5,Brand,ASCO,Product Type,"Sensors, Switches",Model,JBA2700-0GC,eBay ID,174003797070
19511,020-325-0001,Irie Koken VP1100B,Do not post,9,250,Location,2015c5,Brand,ASCO,Product Type,-,Model,VP1100B,eBay ID,Do not post
17414,039-003-0828,SMC CDQ2B25-10DCZ,-,3,25,Location,2015c3_LC1,Brand,SMC,Product Type,-,Model,CDQ2B25-10DCZ,eBay ID,
22604,022-046-0003,Sylvania QTP2X32T8/UNVISNSCB,-,3,25,Location,2015c6_LC1,Brand,Sylvania,Product Type,-,Model,QTP2X32T8/UNVISNSCB,eBay ID,
18116,014-001-0106,NSK 6008VV,-,1,27,Location,2015c1_LC8,Brand,NSK,Product Type,-,Model,6008VV,eBay ID,
18171,005-003-0012,IDEC GT5Y4SN,-,2,29,Location,2015c1_LC7,Brand,IDEC,Product Type,-,Model,GT5Y4SN,eBay ID,
22712,005-026-0060,VS Technology SV-GA305 Photographic Accessories,-,1,30,Location,2015c6_LC2,Brand,VS Technology,Product Type,Photographic Accessories,Model,SV-GA305,eBay ID,
18200,005-026-0010,Toshiba JKL15M,173958349042,1,245,Location,2015c1_LC4,Brand,ASCO,Product Type,Lens,Model,JKL15M,eBay ID,173958349042
18220,011-870-0006,201467 Clamp Mount,Do not post,2,241,Location,2015c1_LC5,Brand,Allen-Bradley,Product Type,Clamps,Model,201467,eBay ID,Do not post
16884,013-003-0269,HAT8P Conveyor Belt,-,2,35,Location,2015c5,Brand,-,Product Type,CONVEYOR BELT,Model,HAT8P,eBay ID,
13806,005-026-0034,Lens SV-1214MP-SS,Do not post,1,230,Location,2015c5_LC2,Brand,Allen-Bradley,Product Type,-,Model,SV-1214MP-SS,eBay ID,Do not post
18091,008-003-0070,BARKSDALE C9622-3,Do not post,5,230,Location,2015c1_LC5,Brand,ASCO,Product Type,"Pressure Switches, Switches",Model,C96223,eBay ID,Do not post
16929,068-720-0032,R720-40-39R,Do not post,2,230,Location,2015c5_LC5,Brand,-,Product Type,-,Model,R720-40-39R,eBay ID,Do not post
18124,003-001-0103,Parker Schrader Bellows 14L10GA,-,2,35,Location,2015c1_LC1,Brand,Parker Schrader Bellows,Product Type,-,Model,14L10GA,eBay ID,
18203,006-006-0014,Waldman Lighting 112081000,173958352600,6,224,Location,2015c1,Brand,SKF,Product Type,Lights,Model,112081000,eBay ID,173958352600
18230,013-001-0436,100L608EF Belt,Do not post,3,224,Location,2015c1_LC3,Brand,-,Product Type,BELT,Model,100L608EF,eBay ID,Do not post
18130,003-028-0008,SMC C1A63-02-46683AS,-,2,35,Location,2015c1_LC3,Brand,SMC,Product Type,-,Model,C1A63-02-46683AS,eBay ID,
18169,005-026-0025,Fujinon LNSHF25HAI25,173958345464,1,222,Location,2015c1_LC4,Brand,Keyence,Product Type,Cameras,Model,LNSHF25HAI25,eBay ID,173958345464
22679,014-004-0461,THK SHS15R1SSC1 Linear Bearing,-,2,35,Location,2015c6_LC2,Brand,Allen-Bradley,Product Type,-,Model,-,eBay ID,
39247,039-003-0005,SMC CDU25-15D Cylinder,-,1,36.13,Location,2015C5_B2,Brand,SMC,Product Type,CYLINDER,Model,CDU25-15D,eBay ID,
16891,012-004-0016,Hokuyo AC-NKBA5,174003797423,2,219,Location,2015c5,Brand,ASCO,Product Type,-,Model,AC-NKBA5,eBay ID,174003797423
16908,022-007-0244,SH04.22A Relay,-,2,37,Location,2015c5_LC4,Brand,-,Product Type,-,Model,SH04.22A,eBay ID,
18168,003-004-0090,Festo 7558KSV8,-,3,38,Location,2015c1_LC5,Brand,Festo,Product Type,-,Model,7558KSV8,eBay ID,
18112,013-001-0428,Megadyne 250S8M880,-,2,38,Location,2015c1_LC3,Brand,Megadyne,Product Type,-,Model,250S8M880,eBay ID,
18113,013-001-0429,Megadyne 250S8M960,-,2,40,Location,2015c1_LC3,Brand,Megadyne,Product Type,-,Model,250S8M960,eBay ID,
17395,003-003-0028,SMC JB63-10-150,-,2,40,Location,2015c3_LC1,Brand,SMC,Product Type,-,Model,JB63-10-150,eBay ID,
18153,005-026-0014,TOSHIBA JK-L75M,173958349879,1,195,Location,2015c1_LC4,Brand,PRAXAIR,Product Type,Lens,Model,JKL75M,eBay ID,173958349879
13829,068-526-0010,SMC US13228,-,1,42,Location,2015c5_LC2,Brand,SMC,Product Type,-,Model,US13228,eBay ID,
39245,039-003-1029,SMC MHKL2-25D Gripper,-,1,44.99,Location,2015C5_B2,Brand,SMC,Product Type,GRIPPER,Model,MHKL2-25D,eBay ID,
22764,005-001-0271,Honeywell ST7800 Timer,-,1,46,Location,2015c6_LC2,Brand,Honeywell,Product Type,Timer,Model,ST7800,eBay ID,
18194,002-001-0464,SMC VX3244,-,3,49,Location,2015c1_LC7,Brand,SMC,Product Type,-,Model,VX3244,eBay ID,
17410,022-011-0276,IFM IF5863,-,2,50,Location,2015c3_LC1,Brand,IFM,Product Type,-,Model,IF5863,eBay ID,
18127,003-006-0006,SMC AS2201F-02-04S,-,1,50,Location,2015c1_LC8,Brand,SMC,Product Type,-,Model,AS2201F-02-04S,eBay ID,
17417,039-003-3515,SMC CDQ2B32-60DCMZ-XB10,-,4,50,Location,2015c3_LC1,Brand,SMC,Product Type,-,Model,-,eBay ID,
16904,008-003-0209,SMC ISE30A-01-P-MLA1 Switch,-,2,50,Location,2015c5_LC4,Brand,SMC,Product Type,Switch,Model,ISE30A-01-P-MLA1,eBay ID,
17397,005-026-0041,Azumi Camera Adaptor DC-700,173958349372,5,180,Location,2015c3_LC1,Brand,Allen-Bradley,Product Type,Camera Adapter,Model,DC-700,eBay ID,173958349372
13833,022-011-0243,SWITCH P-18566-000,Do not post,1,180,Location,2015c5_LC2,Brand,Allen-Bradley,Product Type,Switches,Model,P-18566-000,eBay ID,Do not post
13783,014-011-0415,53-26 Ballscrew,Do not post,2,180,Location,2015c2_LC1,Brand,-,Product Type,BALLSCREW,Model,53-26,eBay ID,Do not post
18138,003-007-0048,SMC KTAR6000,-,1,50,Location,2015c1_LC8,Brand,SMC,Product Type,-,Model,KTAR6000,eBay ID,
19510,039-003-3034,SMC SKB83X160-DB-M,-,18,50,Location,2015c5_LC1,Brand,SMC,Product Type,-,Model,SKB83X160-DB-M,eBay ID,
1416,MFG-000-0050,Honeywell C437H 1001 Gas/Air Pressure Switch,173352285841,6,178,Location,2015c1,Brand,Keyence,Product Type,Switches,Model,C437H1001,eBay ID,173352285841
18192,008-003-0145,SMC IS3000-N02L5,-,3,52,Location,2015c1_LC5,Brand,SMC,Product Type,-,Model,IS3000-N02L5,eBay ID,
18151,014-004-0268,THK HSR15B1SS,-,2,52,Location,2015c1_LC7,Brand,THK,Product Type,-,Model,HSR15B1SS,eBay ID,
18095,005-004-0263,Cosel LCA10S-24,-,2,54,Location,2015c1_LC6,Brand,Cosel,Product Type,-,Model,LCA10S-24,eBay ID,
17415,039-003-1054,SMC RSDQA40-20TK,-,5,55,Location,2015c3_LC1,Brand,SMC,Product Type,-,Model,RSDQA40-20TK,eBay ID,
18102,014-003-0008,FYH UCF-209-E,-,5,57,Location,2015c1_LC7,Brand,FYH,Product Type,-,Model,UCF-209-E,eBay ID,
18145,002-007-0194,SMC VZ51405DZ02,-,2,58,Location,2015c1_LC6,Brand,SMC,Product Type,-,Model,VZ51405DZ02,eBay ID,
17398,008-028-0045,Safety Plug 22806,-,2,60,Location,2015c3_LC2,Brand,Safety Plug,Product Type,-,Model,22806,eBay ID,
18132,003-003-0224,SMC JAF63-18-150,-,3,60,Location,2015c1_LC8,Brand,SMC,Product Type,-,Model,JAF63-18-150,eBay ID,
22672,041-001-0114,Youngblood 1340866 Heater Band,-,3,60,Location,2015c6_LC2,Brand,Youngblood,Product Type,Heater Band,Model,1340866,eBay ID,
13814,014-007-0030,NTN ASPFL206 Pillow Block,-,3,62,Location,2015c2_LC3,Brand,NTN,Product Type,Pillow Block,Model,ASPFL206,eBay ID,
13815,022-011-0179,E2E-X3T1-1 Switch,-,2,65,Location,2015c2_LC1,Brand,-,Product Type,Switch,Model,E2E-X3T1-1,eBay ID,
39221,014-018-0012,THK LBS30UU+975,-,6,65.16,Location,2015c2_LC4,Brand,THK,Product Type,-,Model,LBS30UU+975,eBay ID,
18108,002-015-0031,Toyo-Oki Valve AD04101B,174203304719,15,150,Location,2015c1,Brand,WORKSMAN,Product Type,Valves,Model,AD04101B,eBay ID,174203304719
22613,022-038-0030,CCXC-12P10 Cable,Do not post,5,150,Location,2015c6_LC2,Brand,ASCO,Product Type,Cables,Model,CCXC-12P10,eBay ID,Do not post
18154,002-014-0010,Toyo-oki HD3-2WD-BCA-025A-LYD2,-,6,67,Location,2015c1_LC2,Brand,Toyo-oki,Product Type,-,Model,HD3-2WD-BCA-025A-LYD2,eBay ID,
39232,014-004-744,THK HSR25LR1SS Linear Guide Block,-,2,71.09,Location,2015C2_LC7,Brand,THK,Product Type,Linear Guide Block,Model,HSR25LR1SS,eBay ID,
7707,002-001-0427,VX2340V-03N-5DZ1-B,-,2,71.37,Location,2015C5_LC6,Brand,-,Product Type,-,Model,VX2340V-03N-5DZ1-B,eBay ID,
18224,009-500-0010,M3870196080 Gear,Do not post,3,149,Location,2015c1_LC6,Brand,ASCO,Product Type,Gears,Model,M3870196080,eBay ID,Do not post
39332,039-093-0338,SMC CDQ2B63-10DMZ Cylinder,-,1,73.03,Location,2015C6_LC3,Brand,SMC,Product Type,CYLINDER,Model,CDQ2B63-10DMZ,eBay ID,
16597,022-011-0281,IFM IF5792,-,2,75,Location,2015c5_LC4,Brand,IFM,Product Type,-,Model,IF5792,eBay ID,
13803,462-574-0003,HOLDER JX-121-06B,Do not post,1,132,Location,2015c5_LC2,Brand,ASCO,Product Type,Holders,Model,JX-121-06B,eBay ID,Do not post
18090,003-001-0062,ASCO 34203057,-,3,79,Location,2015c1_LC6,Brand,ASCO,Product Type,-,Model,34203057,eBay ID,
13826,039-003-1528,SMC RSDQA50-30T-XC18,-,5,79,Location,2015c2_LC2,Brand,SMC,Product Type,-,Model,RSDQA50-30T-XC18,eBay ID,
17409,022-011-0259,IFM IW5058,-,2,80,Location,2015c3_LC1,Brand,IFM,Product Type,-,Model,IW5058,eBay ID,
16885,013-003-0829,HATP8P Conveyor Belt,-,2,85,Location,2015c5,Brand,-,Product Type,CONVEYOR BELT,Model,HATP8P,eBay ID,
18162,002-039-0064,ASCO 302373,-,2,90,Location,2015c1_LC4,Brand,ASCO,Product Type,-,Model,302373,eBay ID,
18235,013-003-0841,FNI5E Conv Belt,Do not post,3,127,Location,2015c1,Brand,FREELIN-WADE,Product Type,Belts,Model,FNI5E,eBay ID,Do not post
16886,068-720-0008,R720-35-18 Plate,Do not post,2,125,Location,2015c5_LC5,Brand,-,Product Type,PLATE,Model,R720-35-18,eBay ID,Do not post
18139,039-003-0461,SMC MCN2-40X100-FA,-,5,90,Location,2015c1_LC7,Brand,SMC,Product Type,-,Model,MCN2-40X100-FA,eBay ID,
17394,003-001-0259,SMC NARB250-N0-P-1,-,5,90,Location,2015c3_LC2,Brand,SMC,Product Type,-,Model,NARB250-N0-P-1,eBay ID,
39240,039-003-1334,SMC CDM2B25-350-X142US Cylinder,-,1,91.66,Location,2015C5_B2,Brand,SMC,Product Type,CYLINDER,Model,CDM2B25-350-X142US,eBay ID,
13836,068-731-0001,UJD-046 Torch,-,2,99,Location,2015c5_LC2,Brand,-,Product Type,Torch,Model,UJD-046,eBay ID,
16913,022-011-0382,Allen-Bradley 871C-DH4M12-A2 Switch,-,2,100,Location,2015c5_LC4,Brand,Allen-Bradley,Product Type,Switch,Model,871C-DH4M12-A2,eBay ID,
22652,MFG-000-1842,D4GS-N4R-3 Switch,-,3,100,Location,2015c6_LC2,Brand,-,Product Type,Switch,Model,D4GS-N4R-3,eBay ID,
1325,002-004-0079,Jamesbury 21-1136TTC061 Ball Valve,-,4,100,Location,2015c1_LC4,Brand,Jamesbury,Product Type,BALL VALVE,Model,21-1136TTC061,eBay ID,
17399,013-003-0883,Mol Belting Co. 2AR210BG-U-5P,-,8,100,Location,2015c3,Brand,Mol Belting Co.,Product Type,-,Model,2AR210BG-U-5P,eBay ID,
18208,003-001-0184,SMC Combo Modular AC30-NO3DG-3Z,-,3,100,Location,2015c1_LC2,Brand,SMC,Product Type,-,Model,-,eBay ID,
17412,022-038-1061,Turck R5C12T-5,-,2,100,Location,2015c3_LC1,Brand,Turck,Product Type,-,Model,R5C12T-5,eBay ID,
1606,MFG-000-0129,VAC Switch,-,1,100,Location,2015c1_LC1,Brand,-,Product Type,Switch,Model,VAC,eBay ID,
13823,014-007-0060,Rexnord P3-U215N Bearing,-,4,103,Location,2015c2_LC1,Brand,Rexnord,Product Type,Bearing,Model,P3-U215N,eBay ID,
39239,039-003-1544,SMC CDQ2B80-50DMZ Cylinder,-,1,103.26,Location,2015C5_B2,Brand,SMC,Product Type,CYLINDER,Model,CDQ2B80-50DMZ,eBay ID,
1391,005-004-0282,Keyence MS-H50 Switch,-,2,105,Location,2015c1_LC3,Brand,Keyence,Product Type,Switch,Model,MS-H50,eBay ID,
13827,039-003-1607,SMC CXSM20-40-Y59BL Cylinder,-,3,110,Location,2015c5_LC2,Brand,SMC,Product Type,CYLINDER,Model,CXSM20-40-Y59BL,eBay ID,
18183,013-003-0831,Mol Belting Co. 2AR10OGU,-,3,116,Location,2015c1,Brand,Mol Belting Co.,Product Type,-,Model,2AR10OGU,eBay ID,
13825,039-003-1532,SMC NCQ2D63-35DM,-,5,116,Location,2015c2_LC2,Brand,SMC,Product Type,-,Model,NCQ2D63-35DM,eBay ID,
16914,022-001-0751,Fuji Electric SA53C/15,-,3,117,Location,2015c5_LC4,Brand,Fuji Electric,Product Type,-,Model,SA53C/15,eBay ID,
18135,002-039-0118,SMC KT-PA3-32,-,1,118,Location,2015c1_LC8,Brand,SMC,Product Type,-,Model,KT-PA3-32,eBay ID,
18217,011-870-0010,90032-00 Retainer,Do not post,1,113,Location,2015c1_LC5,Brand,ASCO,Product Type,Retainers,Model,90032-00,eBay ID,Do not post
39238,039-003-1009,SMC MHKL2-25D Gripper,-,1,118.34,Location,2015C5_B2,Brand,SMC,Product Type,GRIPPER,Model,MHKL2-25D,eBay ID,
18204,005-005-0461,EP180 Module,Do not post,1,107,Location,2015c1_LC1,Brand,-,Product Type,Module,Model,EP180,eBay ID,Do not post
17396,003-030-0038,SMC CDRB1BW30-1000-T79,-,2,120,Location,2015c3_LC1,Brand,SMC,Product Type,-,Model,CDRB1BW30-1000-T79,eBay ID,
13802,014-013-0003,FYH UC213 Bearing,-,6,121,Location,2015c5_LC1,Brand,FYH,Product Type,Bearing,Model,UC213,eBay ID,
16905,051-001-0093,CEC MA-459 Shock Absorber,-,2,124,Location,2015c5_LC4,Brand,CEC,Product Type,Shock Absorber,Model,MA-459,eBay ID,
18231,002-011-0051,222130025 Check Valve,Do not post,,101,Location,2015c1,Brand,Browning,Product Type,Check Valves,Model,222130025,eBay ID,Do not post
22695,023-001-0163,Oriental Motor Gear Head 5GN18K,174003796850,4,100,Location,2015c6_LC1,Brand,Allen-Bradley,Product Type,"Gear Heads, Gear Reducers",Model,5GN18K,eBay ID,174003796850
13786,005-001-0494,BOARD 33907,Do not post,3,100,Location,2015c5_LC2,Brand,Allen-Bradley,Product Type,Circuit Boards,Model,33907,eBay ID,Do not post
18213,008-001-0024,MKCM203TON Flow Switch,Do not post,2,100,Location,2015c1_LC4,Brand,-,Product Type,Switches,Model,MKCM203TON,eBay ID,Do not post
22671,038-003-0017,GL04-2.5 BH Heat Protectant,Do not post,7,100,Location,2015c6,Brand,Allen-Bradley,Product Type,Heat Elements,Model,GL04-2.5 BH,eBay ID,Do not post
22642,231-001-0255,Mitsubishi AD71-REPAIR Control Unit,Do not post,3,100,Location,2015c6_LC2,Brand,Mitsubishi,Product Type,Control Unit,Model,AD71-REPAIR,eBay ID,Do not post
16578,MFG-000-1461,ASCO 200262,-,2,125,Location,2015C5_LC6,Brand,ASCO,Product Type,-,Model,200262,eBay ID,
16574,MFG-000-1458,ASCO 238210-032D Valve,-,2,125,Location,2015C5_LC6,Brand,ASCO,Product Type,VALVE,Model,238210-032D,eBay ID,
16571,MFG-000-1455,ASCO 302141,-,2,125,Location,2015C5_LC6,Brand,ASCO,Product Type,-,Model,302141,eBay ID,
16581,MFG-000-1464,ASCO 302699 Valve,-,2,125,Location,2015C5_LC6,Brand,ASCO,Product Type,VALVE,Model,302699,eBay ID,
16576,MFG-000-1460,ASCO 826278,-,2,125,Location,2015C5_LC6,Brand,ASCO,Product Type,-,Model,826278,eBay ID,
16573,MFG-000-1457,ASCO 8262G130T,-,2,125,Location,2015C5_LC6,Brand,ASCO,Product Type,-,Model,8262G130T,eBay ID,
16580,MFG-000-1463,ASCO 8345E11 Valve,-,2,125,Location,2015C5_LC6,Brand,ASCO,Product Type,VALVE,Model,8.35E+14,eBay ID,
16575,MFG-000-1459,ASCO EF8262G2 Valve,-,2,125,Location,2015C5_LC6,Brand,ASCO,Product Type,VALVE,Model,EF8262G2,eBay ID,
16572,MFG-000-1456,ASCO Redhat Kit V6379,-,2,125,Location,2015c5_LC2,Brand,ASCO,Product Type,-,Model,-,eBay ID,
16585,MFG-000-1467,ASCO Redhat Solenoid Valve 8263G210W,-,2,125,Location,2015c5_LC3,Brand,ASCO,Product Type,-,Model,-,eBay ID,
1346,MFG-000-0040,Nachi Directional Control Valve SS-G01-H43-R-D2-9331H,173958352905,7,95,Location,2015c1,Brand,ASCO,Product Type,Valves,Model,SSG01H43RD29331H,eBay ID,173958352905
16583,MFG-000-1465,ASCO Redhat Valve 8262G78,-,3,125,Location,"2015C5_LC6, BBBB_LC2",Brand,ASCO,Product Type,-,Model,-,eBay ID,
39241,039-003-0020,SMC CDQ2B80-20DZ Cylinder,-,1,127.26,Location,2015C5_B2,Brand,SMC,Product Type,CYLINDER,Model,CDQ2B80-20DZ,eBay ID,
13800,014-013-0023,GVFTD1 Bearing,-,3,128,Location,2015c2_LC1,Brand,-,Product Type,Bearing,Model,GVFTD1,eBay ID,
39217,019-001-0355,Leeson C42P17FZ1B Motor,-,29,130,Location,2015s3,Brand,Leeson,Product Type,Motor,Model,C42P17FZ1B,eBay ID,
13837,005-026-0046,Toshiba AC-M412W Camera Adapter,-,4,130,Location,2015c2_LC2,Brand,Toshiba,Product Type,Camera Adapter,Model,AC-M412W,eBay ID,
18136,002-039-0117,SMC KT-PA3-36,-,1,135,Location,2015c1_LC5,Brand,SMC,Product Type,-,Model,KT-PA3-36,eBay ID,
13832,028-001-0332,Sprocket 40B14-SPRCIAL S.S,Do not post,3,80,Location,2015c5_LC1,Brand,Allen-Bradley,Product Type,Sprockets,Model,40B14-SPRCIAL S.S,eBay ID,Do not post
18182,013-003-0834,Mol Belting Co. 2ROO390WX1880L,-,3,147,Location,2015c1,Brand,Mol Belting Co.,Product Type,-,Model,2ROO390WX1880L,eBay ID,
22854,MFG-000-1910,Oriental Motor 51K40GN-SWT2S Motor,-,7,150,Location,2015c6_LC2,Brand,Oriental Motor,Product Type,Motor,Model,51K40GN-SWT2S,eBay ID,
16918,068-720-0018,R720-40-24L,-,18,150,Location,2015c5,Brand,-,Product Type,-,Model,R720-40-24L,eBay ID,
22647,039-003-1783,SMC ACNL-X2-63X90-FA-M Cylinder,-,12,150,Location,2015c6_LC2,Brand,SMC,Product Type,CYLINDER,Model,ACNL-X2-63X90-FA-M,eBay ID,
13805,014-024-0001,Koyo 6410 Bearing,-,6,151,Location,2015c2_LC3,Brand,Koyo,Product Type,Bearing,Model,6410,eBay ID,
1235,MFG-000-0012,Teli CA130C-01 Camera Adapter,-,4,155,Location,2015c1,Brand,Allen-Bradley,Product Type,Camera Adapter,Model,CA130C01,eBay ID,-
18197,014-004-0376,THK HSR15B2SS+210L,-,3,155,Location,2015c1_LC7,Brand,THK,Product Type,-,Model,HSR15B2SS+210L,eBay ID,
16903,014-001-0431,NTN 7302CDF-GNP4 Bearing,-,2,156,Location,2015c5,Brand,NTN,Product Type,Bearing,Model,7302CDF-GNP4,eBay ID,
18141,002-001-0446,SMC VFS3600-5FZ,-,4,158,Location,2015c1_LC8,Brand,SMC,Product Type,-,Model,VFS3600-5FZ,eBay ID,
18172,002-001-0499,IHI U12R,-,4,159,Location,2015c1_LC7,Brand,IHI,Product Type,-,Model,U12R,eBay ID,
18160,002-012-0012,Apollo 80PM419,-,3,160,Location,2015c1_LC5,Brand,Apollo,Product Type,-,Model,80PM419,eBay ID,
18221,002-046-0002,VB721300046 Valve,Do not post,4,67,Location,2015c1_LC5,Brand,Allen-Bradley,Product Type,Valves,Model,VB721300046,eBay ID,Do not post
13840,002-014-0128,Toyo-oki Valve Switch HW3H-B11S-025B-DC,-,5,160,Location,2015c5_LC1,Brand,ASCO,Product Type,Valves,Model,HW3H-B11S-025B-DC,eBay ID,-
18721,MFG-000-1484,ASCO Redhat Kit valves 302697,-,3,170,Location,"2015C5_LC6, EEEE_LC9",Brand,ASCO,Product Type,-,Model,-,eBay ID,
18105,003-001-0026,GRACO 206197,174203304467,4,65,Location,2015c1_LC5,Brand,-,Product Type,Regulators,Model,206197,eBay ID,174203304467
13808,014-004-0629,LKD SR15V2UU+180LII Linear BRG,-,3,170,Location,2015c2_LC1,Brand,LKD,Product Type,LINEAR BRG,Model,SR15V2UU+180LII,eBay ID,
13835,014-004-0495,THK SSR15XV1SSM+340LYM Bearing,-,3,170,Location,2015c2_LC1,Brand,THK,Product Type,Bearing,Model,SSR15XV1SSM+340LYM,eBay ID,
18222,011-555-0002,JA15008 Plate,Do not post,1,60,Location,2015c1_LC6,Brand,CKD,Product Type,Plates,Model,JA15008,eBay ID,Do not post
13819,068-626-0102,M-2120711-042 Plate,Do not post,4,60,Location,2015c2_LC3,Brand,-,Product Type,PLATE,Model,M-2120711-042,eBay ID,Do not post
18201,002-007-0236,Toyo-oki AK02002,-,3,172,Location,2015c1_LC5,Brand,Toyo-oki,Product Type,-,Model,AK02002,eBay ID,
37690,231-001-0717,Schmersal SLB400-C10-1R Control,-,3,178.2,Location,2015c3,Brand,Schmersal,Product Type,CONTROL,Model,SLB400-C10-1R,eBay ID,
18155,005-005-0483,Yaskawa JEPMC-MB210,-,3,180,Location,2015c1_LC2,Brand,Yaskawa,Product Type,-,Model,JEPMC-MB210,eBay ID,
13817,068-526-0009,Piston Rod US13227,Do not post,1,58,Location,2015c5_LC2,Brand,Allen-Bradley,Product Type,Rods,Model,US13227,eBay ID,Do not post
18163,002-039-0061,ASCO 302335,-,2,185,Location,2015c1_LC5,Brand,ASCO,Product Type,-,Model,302335,eBay ID,
22759,008-025-0001,SMC EZM121HF-K5LZ-E15 Vacuum Generator,-,3,185,Location,2015c6_LC2,Brand,SMC,Product Type,Vacuum Generator,Model,EZM121HF-K5LZ-E15,eBay ID,
16880,036-615-0066,Block 3T496012 #212,Do not post,1,55,Location,2015c5,Brand,Keyence,Product Type,-,Model,#212,eBay ID,Do not post
22644,039-003-1076,SMC MGPM25R-60Z Cylinder,-,6,185,Location,2015c6_LC2,Brand,SMC,Product Type,CYLINDER,Model,MGPM25R-60Z,eBay ID,
18100,006-006-0001,EMERSON APPLETON VPA1075,173958353285,4,54,Location,2015c1,Brand,-,Product Type,Lights,Model,VPA1075,eBay ID,173958353285
18152,002-042-0006,Tokyo Keiki DGMFN-3-X-A2W-B2W-41J,-,4,186,Location,2015c1_LC2,Brand,Tokyo Keiki,Product Type,-,Model,DGMFN-3-X-A2W-B2W-41J,eBay ID,
22851,002-007-0225,ASCO Redhat Solenoid Valve 8210G34,-,4,190,Location,"2013c3_LC3, 2015c5_LC2",Brand,ASCO,Product Type,-,Model,-,eBay ID,
18232,013-001-0457,150H75EF Belt,Do not post,2,52,Location,2015c1_LC3,Brand,-,Product Type,BELT,Model,150H75EF,eBay ID,Do not post
39345,076-910-0035,MJC-57-19X24-TB Coupling,-,1,190,Location,2015C6_LC4,Brand,-,Product Type,COUPLING,Model,MJC-57-19X24-TB,eBay ID,
22645,039-003-1243,SMC CXSL25-80-Y59BL Cylinder,-,4,190,Location,2015c6_LC2,Brand,SMC,Product Type,CYLINDER,Model,CXSL25-80-Y59BL,eBay ID,
16911,022-009-0019,Eaton Cutler-Hammer Contactor C25DNB340,173311624146,3,50,Location,"2013c7_LC2, 2015c5",Brand,ASCO,Product Type,Contactors,Model,C25DNB340,eBay ID,173311624146
16570,MFG-000-1454,SquareD Thermal-Magnetic Circut Breaker 30A-FHL36030,174203304558,2,50,Location,2015c5_LC2,Brand,ASCO,Product Type,Circuit Breakers,Model,30A-FHL36030,eBay ID,174203304558
13810,014-012-0163,NAG4900UUC5 Bearing,Do not post,1,50,Location,2015c2_LC1,Brand,-,Product Type,Bearing,Model,NAG4900UUC5,eBay ID,Do not post
18094,003-001-0057,Coilhose Pneumatics FRL1400,-,6,195,Location,2015c1,Brand,Coilhose Pneumatics,Product Type,-,Model,FRL1400,eBay ID,
1234,005-004-0292,Teli CA130D-01 Camera Adapter,-,4,200,Location,2015c1,Brand,Teli,Product Type,Camera Adapter,Model,CA130D-01,eBay ID,
17416,039-003-1609,SMC MXS12L-20-M9BL,-,5,210,Location,2015c3_LC1,Brand,SMC,Product Type,-,Model,MXS12L-20-M9BL,eBay ID,
16944,022-063-0014,SMC Vacuum Generator ZM133H-Q5-E14L,-,3,210,Location,2015c5,Brand,SMC,Product Type,-,Model,-,eBay ID,
18167,005-004-0281,Etek Dias EP182,-,2,216,Location,2015c1_LC6,Brand,Etek Dias,Product Type,-,Model,EP182,eBay ID,
18142,002-038-0062,SMC VV2102-C6-02DS3Z-FD3,-,5,216,Location,2015c1_LC1,Brand,SMC,Product Type,-,Model,VV2102-C6-02DS3Z-FD3,eBay ID,
13834,014-004-0494,THK SSSR15XV1SSME+400 Bearing,-,3,220,Location,2015c2_LC3,Brand,THK,Product Type,Bearing,Model,SSSR15XV1SSME+400,eBay ID,
16928,068-720-0029,R720-40-37,Do not post,1,48,Location,2015c5_LC5,Brand,-,Product Type,-,Model,R720-40-37,eBay ID,Do not post
18211,002-038-0002,LPMT434 Manifold,Do not post,3,47,Location,2015c1_LC4,Brand,-,Product Type,Manifolds,Model,LPMT434,eBay ID,Do not post
18236,013-001-0399,856P8M15 Belt,Do not post,2,46,Location,2015c1_LC3,Brand,-,Product Type,BELT,Model,856P8M15,eBay ID,Do not post
13839,002-014-0008,Toyo-oki HDE-3W-BGA-025B-WYD2 Valve,-,8,220,Location,2015c2_LC3,Brand,Toyo-oki,Product Type,VALVE,Model,HDE-3W-BGA-025B-WYD2,eBay ID,
1449,MFG-000-0061,D&amp;D PowerDrive 600-S14M-1806 Timing Belt,Do not post,2,45,Location,"2013c4, 2015c5",Brand,ASCO,Product Type,Belts,Model,600S14M1806,eBay ID,Do not post
16893,036-615-0097,M-2108062-280,Do not post,1,45,Location,2015c5_LC5,Brand,-,Product Type,-,Model,M-2108062-280,eBay ID,Do not post
16906,022-012-0307,LX12ESRQ Light Sensor,-,4,223,Location,2015c5,Brand,-,Product Type,LIGHT SENSOR,Model,LX12ESRQ,eBay ID,
22640,031-001-0840,RTA NWRE Control,-,2,230,Location,2015c6_LC1,Brand,RTA,Product Type,CONTROL,Model,NWRE,eBay ID,
37678,205-005-0491,Yaskawa JUSP-NS600,-,1,232,Location,2015c1_LC8,Brand,Yaskawa,Product Type,-,Model,JUSP-NS600,eBay ID,
18121,011-870-0003,OTC CO 201464,Do not post,1,41,Location,2015c1_LC4,Brand,Keyence,Product Type,Retainers,Model,201464,eBay ID,Do not post
18092,014-003-0004,Asahi Bearing T205,173958349484,5,40,Location,2015c1_LC7,Brand,WITTMANN,Product Type,"Bearings, Flange Bearings",Model,T205,eBay ID,173958349484
22614,MFG-000-1836,IDEC SA4A-JN1 Cable,174203304727,3,40,Location,2015c6_LC2,Brand,Keyence,Product Type,Cables,Model,SA4A-JN1,eBay ID,174203304727
16916,022-011-0240,E2J-JC4A Switch,-,2,250,Location,2015c5_LC4,Brand,-,Product Type,Switch,Model,E2J-JC4A,eBay ID,
18170,005-022-0012,IDC 7258A,-,3,250,Location,2015c1_LC5,Brand,IDC,Product Type,-,Model,7258A,eBay ID,
18174,008-003-0072,Kosmek JB2800-M0,-,3,250,Location,2015c1_LC4,Brand,Kosmek,Product Type,-,Model,JB2800-M0,eBay ID,
1378,005-026-0018,Matsushita ANM830CE Camera,-,3,250,Location,2015c1_LC4,Brand,Matsushita,Product Type,Camera,Model,ANM830CE,eBay ID,
13831,005-026-0041,Sony DC-700 Camera Adapter,-,4,250,Location,2015c2_LC2,Brand,Sony,Product Type,Camera Adapter,Model,DC-700,eBay ID,
22669,022-063-0017,Nemicon MR-HDP01 Generator,-,3,253,Location,2015c6_LC1,Brand,Nemicon,Product Type,Generator,Model,MR-HDP01,eBay ID,
22815,002-015-0027,Edwards E104A,Do not post,1,35,Location,2015c6_LC2,Brand,Allen-Bradley,Product Type,Valves,Model,SS-G03-H13-R-D2-J8916A,eBay ID,Do not post
18237,013-001-0499,AT10500136 Belt,Do not post,3,35,Location,2015c1_LC3,Brand,-,Product Type,BELT,Model,AT10500136,eBay ID,Do not post
16889,014-004-0699,IKO LRXDG20C1-T1HS2 Linear BRG,-,2,277,Location,2015c5_LC5,Brand,IKO,Product Type,LINEAR BRG,Model,LRXDG20C1-T1HS2,eBay ID,
18131,039-003-0900,SMC CDA2L63-380-K59L,-,12,278,Location,2015c1,Brand,SMC,Product Type,-,Model,CDA2L63-380-K59L,eBay ID,
13830,003-001-0076,SMC AR925-20,-,12,279,Location,2015c2_LC2,Brand,SMC,Product Type,-,Model,AR925-20,eBay ID,
16890,014-004-0574,IKO LRXDG20C1R200+T1HE Linear BRG,-,2,280,Location,2015c5_LC5,Brand,IKO,Product Type,LINEAR BRG,Model,LRXDG20C1R200+T1HE,eBay ID,
18123,002-002-0064,Parker Pneumatic PXCM121,173958349550,2,31,Location,2015c1_LC6,Brand,Allen-Bradley,Product Type,Valves,Model,PXCM121,eBay ID,173958349550
13807,014-004-0507,Linear Bearing LHKIRLF12,Do not post,1,31,Location,2015c5_LC2,Brand,Allen-Bradley,Product Type,Bearings,Model,LHKIRLF12,eBay ID,Do not post
13784,078-586-0020,Block H-586-40-01,Do not post,3,30,Location,2015c5_LC1,Brand,Allen-Bradley,Product Type,Blocks,Model,H-586-40-01,eBay ID,Do not post
13801,006-006-0018,Light Fixture T1322,Do not post,8,30,Location,2015c2,Brand,Allen-Bradley,Product Type,Clamps,Model,T1322,eBay ID,Do not post
13793,015-001-0243,CHE60-90 Chain,Do not post,15,30,Location,2015c2_LC3,Brand,-,Product Type,CHAIN,Model,CHE60-90,eBay ID,Do not post
16915,022-012-0230,Keyence PJ-V22,-,5,280,Location,2015c5_LC4,Brand,Keyence,Product Type,-,Model,PJ-V22,eBay ID,
18209,011-870-0008,201469 Shaft,Do not post,1,29,Location,2015c1_LC4,Brand,Denso,Product Type,Shafts,Model,201469,eBay ID,Do not post
18143,002-038-0063,SMC VV2105-C6-02DS3Z-FD3,-,7,285,Location,2015c1_LC4,Brand,SMC,Product Type,-,Model,VV2105-C6-02DS3Z-FD3,eBay ID,
16900,056-001-0032,Pulley 22HH100,Do not post,13,28,Location,2015c5,Brand,Allen-Bradley,Product Type,Pulleys,Model,22HH100,eBay ID,Do not post
18193,003-030-0058,SMC CDRQB40,-,6,290,Location,"2012c2_LC2, 2015c1_LC6",Brand,SMC,Product Type,-,Model,-,eBay ID,
13785,078-586-0017,Block H-586-40-02,Do not post,4,25,Location,2015c5_LC1,Brand,Allen-Bradley,Product Type,Blocks,Model,H-586-40-02,eBay ID,Do not post
13822,068-626-0066,Pusher M-2810704-170,Do not post,2,25,Location,2015c5_LC2,Brand,Allen-Bradley,Product Type,Pushers,Model,M-2810704-170,eBay ID,Do not post
22678,016-004-0324,GBC 3000003 Laminating Film,Do not post,7,25,Location,2015c6,Brand,Allen-Bradley,Product Type,Laminating Film,Model,3000003,eBay ID,Do not post
18216,013-001-0196,420P5M15 Belt,Do not post,1,25,Location,2015c1_LC8,Brand,-,Product Type,BELT,Model,420P5M15,eBay ID,Do not post
39216,019-004-0155,Mitsubishi HA-FF43B Motor,-,8,292,Location,2015s3,Brand,Mitsubishi,Product Type,Motor,Model,HA-FF43B,eBay ID,
18202,002-014-0021,Toyo-oki HD32WDBCA03ALYD2,-,10,297,Location,2015c1_LC1,Brand,Toyo-oki,Product Type,-,Model,HD32WDBCA03ALYD2,eBay ID,
16584,MFG-000-1466,ASCO EF8345G1 Valve,-,2,299,Location,2015C5_LC6,Brand,ASCO,Product Type,VALVE,Model,EF8345G1,eBay ID,
13838,005-026-0015,Toshiba Camera CS8310B,-,3,299,Location,2015c5_LC1,Brand,ASCO,Product Type,Camera Adapter,Model,CS8310B,eBay ID,-
18111,005-026-0019,Matsushita ANB845NL,-,1,303,Location,2015c1_LC4,Brand,Matsushita,Product Type,-,Model,ANB845NL,eBay ID,
18191,002-011-0114,Sharpe 293025010,-,6,307,Location,2015c1_LC1,Brand,Sharpe,Product Type,-,Model,293025010,eBay ID,
18219,002-010-0004,270016003 Globe Valve,Do not post,4,24,Location,2015c1_LC5,Brand,ORIENTIAL MOTOR,Product Type,Valves,Model,270016003,eBay ID,Do not post
18115,014-001-0446,2133 Bearing,Do not post,1,24,Location,2015c1_LC3,Brand,-,Product Type,Bearing,Model,2133,eBay ID,Do not post
18181,013-003-0245,Mol Belting Co. 2AR2OWUX19WX157,-,10,314,Location,2015c1,Brand,Mol Belting Co.,Product Type,-,Model,2AR2OWUX19WX157,eBay ID,
13791,014-006-0249,Bushing GUG60055,Do not post,1,22,Location,2015c5_LC2,Brand,ASCO,Product Type,Bushings,Model,GUG60055,eBay ID,Do not post
16910,022-001-0258,Breaker IDEC NRC110L-3AAA,173650643091,2,21,Location,"2013c7_LC1, 2015c5",Brand,ASCO,Product Type,Circuit Breakers,Model,NRC110L3AAA,eBay ID,173650643091
18212,003-003-0246,Ace Controls Floating Joint FJRBSCBH30L35D20,Do not post,1,21,Location,2015c1_LC4,Brand,-,Product Type,"Floating Joints, Joints",Model,FJRBSCBH30L35D20,eBay ID,Do not post
18180,013-003-0256,Mol Belting Co. 2AR2OGULACED1712X248,-,13,320,Location,2015c1,Brand,Mol Belting Co.,Product Type,-,Model,2AR2OGULACED1712X248,eBay ID,
13788,078-586-0018,Bracket H-586-40-04,Do not post,5,20,Location,2015c5_LC1,Brand,Allen-Bradley,Product Type,Brackets,Model,H-586-40-04,eBay ID,Do not post
16881,036-615-0067,#213,Do not post,1,20,Location,2015c5_LC5,Brand,-,Product Type,-,Model,#213,eBay ID,Do not post
18196,005-003-0042,Sunao ET100PC,-,5,341,Location,2015c1_LC4,Brand,Sunao,Product Type,-,Model,ET100PC,eBay ID,
1551,MFG-000-0112,Yaskawa JRMSP-120XCP96000,-,6,347,Location,2015c1,Brand,ASCO,Product Type,-,Model,-,eBay ID,
18175,003-003-0033,Kyowa 7912028,-,3,354,Location,2015c1_LC5,Brand,Kyowa,Product Type,-,Model,7912028,eBay ID,
18233,013-001-0288,075L0067EF Belt,Do not post,2,19,Location,2015c1_LC3,Brand,-,Product Type,BELT,Model,075L0067EF,eBay ID,Do not post
16907,022-012-0306,Banner LX12RSRQ,-,4,363,Location,2015c5,Brand,Banner,Product Type,-,Model,LX12RSRQ,eBay ID,
17418,060-001-0273,Bearing MN-12-20,Do not post,3,15,Location,2015c3_LC1,Brand,Kyoto Denkiki,Product Type,Bearings,Model,MN-12-20,eBay ID,Do not post
18214,003-005-0016,07021106 Hose Barb,Do not post,1,15,Location,2015c1_LC4,Brand,Cosmo,Product Type,"Hose Barbs, Hoses",Model,7021106,eBay ID,Do not post
18206,003-027-0015,72for300L Cap,Do not post,2,15,Location,2015c1_LC1,Brand,-,Product Type,Cap,Model,72for300L,eBay ID,Do not post
18107,002-034-0004,Honeywell V5055C-1059,-,6,363,Location,2015c1_LC3,Brand,Honeywell,Product Type,-,Model,V5055C-1059,eBay ID,
37685,236-505-0018,Harmonic Drive CSF-25-50-2UH,-,4,390.72,Location,2015c3,Brand,Harmonic Drive,Product Type,-,Model,CSF-25-50-2UH,eBay ID,
1374,005-005-0187,Mitsubishi A1SX42-S2 Module,-,4,416,Location,2015c1_LC6,Brand,Mitsubishi,Product Type,Module,Model,A1SX42-S2,eBay ID,
13818,068-526-0011,Piston Rod US13229,Do not post,1,13,Location,2015c5_LC2,Brand,Keyence,Product Type,Rods,Model,US13229,eBay ID,Do not post
13799,068-731-0002,Daishin D-300 Torch,-,4,425,Location,2015c5_LC2,Brand,Daishin,Product Type,Torch,Model,D-300,eBay ID,
13824,025-324-0049,M-2820031-080,Do not post,1,13,Location,2015c2_LC1,Brand,-,Product Type,-,Model,M-2820031-080,eBay ID,Do not post
1307,005-012-0030,Nikon RD2048 Rotary Encoder,-,4,425,Location,2015c1_LC2,Brand,Nikon,Product Type,Rotary Encoder,Model,RD2048,eBay ID,
18189,005-005-0386,Phoenix Contact D36342000,-,2,464,Location,2015c1_LC6,Brand,Phoenix Contact,Product Type,-,Model,D36342000,eBay ID,
13798,068-526-0007,Cover 142-060,Do not post,1,12,Location,2015c5_LC2,Brand,ASCO,Product Type,Covers,Model,142-060,eBay ID,Do not post
16917,030-003-0006,Quad Ring Wire 5MMx5MMx8M,Do not post,3,12,Location,2015c5,Brand,Allen-Bradley,Product Type,-,Model,5MMX5MMX8M,eBay ID,Do not post
18126,005-017-0059,Connectors 7400000000,Do not post,1,12,Location,2015c1_LC5,Brand,BUSSMANN,Product Type,Connectors,Model,7400000000,eBay ID,Do not post
45232,031-001-0658,Fuji Electric Digital ES Controller RYE.20D,-,4,486.45,Location,2015C6_LC3,Brand,Fuji Electric,Product Type,Controllers,Model,RYE.20D,eBay ID,
16888,014-011-0460,THK BNK1402-3RRG0+166LC3Y Ball Screw,-,4,495,Location,2015c5_LC5,Brand,THK,Product Type,Ball Screw,Model,BNK1402-3RRG0+166LC3Y,eBay ID,
16883,036-615-0071,#901,Do not post,1,11,Location,2015c5_LC5,Brand,-,Product Type,-,Model,#901,eBay ID,Do not post
18225,002-018-0024,Armstrong 1822LV Steam Trap,-,9,499,Location,2015c1_LC8,Brand,Armstrong,Product Type,Steam Trap,Model,1822LV,eBay ID,
16909,022-012-0001,Honeywell C7027A Sensor,-,3,500,Location,2015c5_LC4,Brand,Honeywell,Product Type,Sensor,Model,C7027A,eBay ID,
19509,039-003-1693,SMC CEIF40-400-M9BVLS Cylinder,-,10,500,Location,2015c5,Brand,SMC,Product Type,CYLINDER,Model,CEIF40-400-M9BVLS,eBay ID,
22658,022-012-0308,Azbil AUD300C1000 Flame Detector,-,5,550,Location,2015c6_LC1,Brand,Azbil,Product Type,Flame Detector,Model,AUD300C1000,eBay ID,
18097,007-010-0174,Eaton Corporation Weatherhead 06U-L66,Do not post,1,10,Location,2015c1_LC4,Brand,-,Product Type,Fittings,Model,06UL66,eBay ID,Do not post
18098,007-010-0169,Eaton Corporation Weatherhead 06U-S66,Do not post,1,10,Location,2015c1_LC4,Brand,Entrelec,Product Type,Fittings,Model,06US66,eBay ID,Do not post
18099,007-010-0170,Eaton Corporation Weatherhead 08U-S68,Do not post,1,10,Location,2015c1_LC4,Brand,-,Product Type,Fittings,Model,08US68,eBay ID,Do not post
18184,003-003-0234,MSC FJRL1012589,Do not post,1,10,Location,2015c1_LC6,Brand,-,Product Type,"Floating Joints, Joints",Model,FJRL1012589,eBay ID,Do not post
18218,005-014-0107,HH54PL Relay,Do not post,2,10,Location,2015c1_LC5,Brand,Allen-Bradley,Product Type,Relays,Model,HH54PL,eBay ID,Do not post
16902,014-003-0114,NTN PFL204 Bearing,Do not post,2,10,Location,2015c5_LC4,Brand,NTN,Product Type,Bearing,Model,PFL204,eBay ID,Do not post
18137,003-007-0077,SMC KT-VEX1333,Do not post,1,10,Location,2015c1_LC5,Brand,SMC,Product Type,-,Model,KT-VEX1333,eBay ID,Do not post
18140,003-001-0089,SMC NAR110,Do not post,2,10,Location,2015c1_LC4,Brand,SMC,Product Type,-,Model,NAR110,eBay ID,Do not post
18146,003-025-0016,SMC ZPT10DN-B6,Do not post,1,10,Location,2015c1_LC5,Brand,SMC,Product Type,-,Model,ZPT10DN-B6,eBay ID,Do not post
16892,022-012-0371,IFM Efector SD6101,-,2,550,Location,2015c5,Brand,ASCO,Product Type,-,Model,SD6101,eBay ID,-
37680,005-001-0091,Raytron AC2 Board,-,,572,Location,2015c1_b1,Brand,Raytron,Product Type,Board,Model,AC2,eBay ID,
16919,068-720-0017,R720-40-24R,-,18,580,Location,2015c5,Brand,-,Product Type,-,Model,R720-40-24R,eBay ID,
13804,014-012-0100,INA Needle Bearing SCH1612,Do not post,1,9,Location,2015c5_LC2,Brand,Allen-Bradley,Product Type,Bearings,Model,SCH1612,eBay ID,Do not post
18185,003-003-0244,MSC FJBR85,Do not post,1,9,Location,2015c1_LC6,Brand,TACO,Product Type,"Floating Joints, Joints",Model,FJBR85,eBay ID,Do not post
18210,002-038-0016,VS71AO2 Manifold,Do not post,2,9,Location,2015c1_LC4,Brand,-,Product Type,Manifolds,Model,VS71AO2,eBay ID,Do not post
16882,036-615-0069,#114 Plate,Do not post,1,9,Location,2015c5_LC5,Brand,-,Product Type,PLATE,Model,#114,eBay ID,Do not post
16596,031-001-0803,Estic ENRZ-AU40-10 Control Unit,-,12,600,Location,2015c5,Brand,Estic,Product Type,Control Unit,Model,ENRZ-AU40-10,eBay ID,
16898,068-608-0011,Tail Plate 200025,Do not post,1,6,Location,2015c5,Brand,ASCO,Product Type,-,Model,200025,eBay ID,Do not post
16896,068-608-0009,200028 Plate,Do not post,1,6,Location,2015c5_LC5,Brand,-,Product Type,PLATE,Model,200028,eBay ID,Do not post
16897,068-608-0010,200026 Plate,Do not post,1,6,Location,2015c5_LC5,Brand,-,Product Type,PLATE,Model,200026,eBay ID,Do not post
18128,002-042-0007,SMC ASN2-03-S,Do not post,1,6,Location,2015c1_LC4,Brand,SMC,Product Type,-,Model,ASN2-03-S,eBay ID,Do not post
18134,003-015-0049,SMC KFY06-03,Do not post,2,6,Location,2015c1_LC5,Brand,SMC,Product Type,-,Model,KFY06-03,eBay ID,Do not post
13790,014-006-0277,Bushing Brass SOB-08-12-08,Do not post,1,5,Location,2015c5_LC2,Brand,ASCO,Product Type,Bushings,Model,SOB-08-12-08,eBay ID,Do not post
13820,078-532-0001,Probe RX-075SC,Do not post,1,5,Location,2015c5_LC2,Brand,Allen-Bradley,Product Type,-,Model,RX-075SC,eBay ID,Do not post
13821,078-532-0002,Probe ICT-075J,Do not post,1,5,Location,2015c5_LC2,Brand,Allen-Bradley,Product Type,-,Model,ICT-075J,eBay ID,Do not post
18150,003-020-0047,Swagelok SS-6-PST,Do not post,1,5,Location,2015c1_LC6,Brand,HYTROL,Product Type,Plugs,Model,SS6PST,eBay ID,Do not post
13796,466-532-0001,Connector 7283-9028-30,Do not post,1,5,Location,2015c2_LC1,Brand,ASCO,Product Type,-,Model,-,eBay ID,Do not post
13797,466-532-0002,Connector 7283-9078-80,Do not post,1,5,Location,2015c2_LC1,Brand,ASCO,Product Type,-,Model,-,eBay ID,Do not post
18114,014-001-0300,MINEBEA NMB DDLF-1680HHR,Do not post,1,5,Location,2015c1_LC6,Brand,-,Product Type,-,Model,-,eBay ID,Do not post
18234,013-001-0432,B100S3M327 Timing Belt,Do not post,1,5,Location,2015c1_LC3,Brand,-,Product Type,-,Model,-,eBay ID,Do not post
18223,000-000-5407,KEEN062H Keensert,Do not post,1,4,Location,2015c1_LC6,Brand,Banner,Product Type,Connectors,Model,KEEN062H,eBay ID,Do not post
22657,416-001-0006,Arrow Filter Kit EK9052,Do Not Post,1,4,Location,2015c6_LC2,Brand,Allen-Bradley,Product Type,Filters,Model,EK9052,eBay ID,Do Not Post
17403,015-002-0041,Tsubaki C2080AS,Do not post,25,3,Location,2015c3,Brand,ASCO,Product Type,-,Model,-,eBay ID,Do not post
18165,014-001-0345,Denso 646OK31,Do not post,2,3,Location,2015c1_LC2,Brand,Oriental Motor,Product Type,-,Model,-,eBay ID,Do not post
18104,003-005-0011,GENERAL ELECTRIC C20,Do not post,1,2,Location,2015c1_LC4,Brand,HITRAN,Product Type,"Hose Barbs, Hoses",Model,C20,eBay ID,Do not post
18129,003-001-0265,SMC B310T,Do not post,1,2,Location,2015c1_LC6,Brand,Turck,Product Type,-,Model,-,eBay ID,Do not post
18133,003-004-0069,SMC KFH12U-04,Do not post,1,2,Location,2015c1_LC6,Brand,Eaton,Product Type,-,Model,-,eBay ID,Do not post
18177,005-019-0011,Mitsubishi 4100770010,Do not post,1,2,Location,2015c1_LC4,Brand,Kyoto Denkiki,Product Type,-,Model,-,eBay ID,Do not post
17400,014-005-0093,Thrust Washer FWSJJ-28-V10-T3,Do not post,1,1,Location,2015c3_LC1,Brand,Keyence,Product Type,Washers,Model,FWSJJ-28-V10-T3,eBay ID,Do not post
17404,015-002-0103,Connector Links 8981009767,Do not post,2,1,Location,2015c3_LC1,Brand,ASCO,Product Type,Connectors,Model,8981009767,eBay ID,Do not post
18122,007-014-0028,Parker Hydraulic Pumps 4TX-S,Do not post,1,1,Location,2015c1_LC5,Brand,AGILENT,Product Type,Sleeve,Model,4TXS,eBay ID,Do not post
18164,010-001-0125,Buss 46F064,Do not post,1,1,Location,2015c1_LC4,Brand,FYH,Product Type,Heat Elements,Model,46F064,eBay ID,Do not post
18226,003-014-0041,30140041 Nut,Do not post,1,1,Location,2015c1_LC8,Brand,Allen-Bradley,Product Type,Nuts,Model,30140041,eBay ID,Do not post
18227,003-023-0002,Brass Bushing,Do not post,1,1,Location,2015c1_LC8,Brand,Allen-Bradley,Product Type,Bushings,Model,Item32,eBay ID,Do not post
18205,002-039-0121,SY7001111 Kit,Do not post,1,1,Location,2015c1_LC1,Brand,-,Product Type,-,Model,-,eBay ID,Do not post
13789,014-006-0379,Bushing KAO3484A_511,Do not post,2,0,Location,2015c5_LC2,Brand,Allen-Bradley,Product Type,Bushings,Model,KAO3484A_511,eBay ID,Do not post
18195,002-038-0073,SMC VVQ4105C8MP04DS5Z,-,16,618,Location,2015c1,Brand,SMC,Product Type,-,Model,VVQ4105C8MP04DS5Z,eBay ID,
39320,231-001-0588,Fuji Electric RYE.40D Control,-,3,650,Location,2015C6_LC3,Brand,Fuji Electric,Product Type,CONTROL,Model,RYE.40D,eBay ID,
16927,014-004-0577,THK M-2045473-292 Linear BRG,-,4,667,Location,2015c5_LC5,Brand,THK,Product Type,LINEAR BRG,Model,M-2045473-292,eBay ID,
13816,014-011-0501,TSB0608N1494AP Ballscrew,-,1,687,Location,2015c5_LC2,Brand,-,Product Type,BALLSCREW,Model,TSB0608N1494AP,eBay ID,
1313,002-008-0006,SMC CC100-200L12-5D,-,9,700,Location,2015c1,Brand,SMC,Product Type,-,Model,CC100-200L12-5D,eBay ID,
1353,005-005-0189,Mitsubishi A1SD70,-,4,718,Location,2015c1_LC9,Brand,Mitsubishi,Product Type,-,Model,A1SD70,eBay ID,
39214,019-001-0563,Mitsubishi HA-SA52 Motor,-,10,730,Location,2015s3,Brand,Mitsubishi,Product Type,Motor,Model,HA-SA52,eBay ID,
1329,005-005-0144,Mitsubishi AY51C Module,-,3,741,Location,2015c1_LC3,Brand,Mitsubishi,Product Type,Module,Model,AY51C,eBay ID,
16595,039-003-1684,Yaskawa CDPXWL32-50,-,8,750,Location,2015c5_LC1,Brand,Yaskawa,Product Type,-,Model,CDPXWL32-50,eBay ID,
16876,022-012-0302,SunX SF4-AH12-N Light Sensor,-,4,765,Location,2015c5,Brand,SUNX,Product Type,LIGHT SENSOR,Model,SF4-AH12-N,eBay ID,
39211,019-001-0882,Baldor EM3313T Motor,-,120,815.49,Location,2015s3,Brand,Baldor,Product Type,Motor,Model,EM3313T,eBay ID,
16943,019-004-0250,Yaskawa SGMAH-02A1A2S,-,35,819,Location,2015c5,Brand,Allen-Bradley,Product Type,-,Model,-,eBay ID,
16569,MFG-000-1453,Honeywell FE-MLS5RB Control,-,2,850,Location,2015c5_LC2,Brand,Honeywell,Product Type,CONTROL,Model,FE-MLS5RB,eBay ID,
22659,054-001-0040,Sony DG10BS Digital Gauge,-,4,900,Location,2015c6,Brand,Sony,Product Type,Digital Gauge,Model,DG10BS,eBay ID,
16586,019-004-0213,Yaskawa SGMPH-04A1A2C0,-,9,900,Location,2015c5,Brand,Yaskawa,Product Type,-,Model,SGMPH-04A1A2C0,eBay ID,
16873,022-012-0325,Banner 3224,-,4,951,Location,2015c5,Brand,Banner,Product Type,-,Model,3224,eBay ID,
16912,022-012-0296,Keyence EX-205,-,2,990,Location,"2013c7_LC1, 2015c5",Brand,Keyence,Product Type,-,Model,-,eBay ID,
18179,013-003-0241,Mol Belting Co. 2AR2OGULACED,-,35,1000,Location,2015c1,Brand,Mol Belting Co.,Product Type,-,Model,2AR2OGULACED,eBay ID,
16589,031-004-0042,Yaskawa SGDB-10AN,-,12,1000,Location,2015c5,Brand,Yaskawa,Product Type,-,Model,SGDB-10AN,eBay ID,
16590,019-004-0214,Yaskawa SGMGH-05A2A21,-,17,1000,Location,2015c5,Brand,ASCO,Product Type,-,Model,-,eBay ID,
39213,019-001-0402,Baldor 15Hp Motor,-,156,1050,Location,2015s3,Brand,Baldor,Product Type,Motor,Model,15Hp,eBay ID,
16592,019-004-0290,Yaskawa SGMAH-08A1A2S Motor,-,12,1050,Location,2015c5,Brand,Yaskawa,Product Type,Motor,Model,SGMAH-08A1A2S,eBay ID,
16591,019-004-0221,Yaskawa SGMGH-09A2B2S,-,25,1050,Location,2015c5,Brand,Yaskawa,Product Type,-,Model,SGMGH-09A2B2S,eBay ID,
16598,019-002-0114,IDEC VRSF-5E-4000,-,28,1100,Location,2015c5,Brand,IDEC,Product Type,-,Model,VRSF-5E-4000,eBay ID,
17402,015-001-0276,Tsubaki RF2050VRP-A-148,-,25,1100,Location,2015c3,Brand,Tsubaki,Product Type,-,Model,RF2050VRP-A-148,eBay ID,
1251,MFG-000-0017,Sony Display Unit LT20-101B,-,5,1144,Location,2015c1,Brand,Allen-Bradley,Product Type,"Display Units, Panelviews",Model,LT20-101B,eBay ID,-
37679,005-001-0007,P1DA Board,-,,1200,Location,2015c1_b1,Brand,-,Product Type,Board,Model,P1DA,eBay ID,
22845,022-012-0490,Keyence IV-500CA Sensor,-,3,1260,Location,2015c6_LC1,Brand,Keyence,Product Type,Sensor,Model,IV-500CA,eBay ID,
22766,MFG-000-1864,NSJ5-SQ00-M3D Control,-,5,1300,Location,2015c6_LC2,Brand,-,Product Type,CONTROL,Model,NSJ5-SQ00-M3D,eBay ID,
16930,219-004-0264,Yaskawa SGMSH-40A2A21 Motor,-,40,1400,Location,2015c5,Brand,Yaskawa,Product Type,Motor,Model,SGMSH-40A2A21,eBay ID,
16922,019-001-0454,Grundfos VM3613T-P Motor,-,65,1500,Location,2015c5,Brand,Grundfos,Product Type,Motor,Model,VM3613T-P,eBay ID,
13792,008-030-0045,Tri-Tronics SER,-,5,1500,Location,2015c2_LC3,Brand,Tri-Tronics,Product Type,-,Model,SER,eBay ID,
17407,019-004-0187,Yaskawa SGMGH-55A2A21,-,80,1500,Location,2015c3,Brand,ASCO,Product Type,-,Model,-,eBay ID,
10432,019-004-0225,Mitsubishi AC Servo Motor SGMGH-06A2B2E,-,27,1600,Location,"2012c2, 2015c5, 2015c6",Brand,Allen-Bradley,Product Type,-,Model,-,eBay ID,
16588,019-004-0226,Yaskawa SGMPH-15A1A2E,-,22,1600,Location,2015c5,Brand,Yaskawa,Product Type,-,Model,SGMPH-15A1A2E,eBay ID,
18198,002-013-0076,Tokyo Keiki EPFRGH0235011S23,-,35,1700,Location,2015c1,Brand,Tokyo Keiki,Product Type,-,Model,EPFRGH0235011S23,eBay ID,
22638,031-001-0588,Fuji Electric RYE.40D Control,-,7,1750,Location,2015c6_LC2,Brand,Fuji Electric,Product Type,CONTROL,Model,RYE.40D,eBay ID,
16942,014-011-0504,THK KR45H10A+440LH5E-10X,-,30,1795,Location,2015c5,Brand,Allen-Bradley,Product Type,-,Model,-,eBay ID,
16871,205-005-0413,Allen-Bradley 1394C-AM07 Module,-,10,1800,Location,2015c5_LC1,Brand,Allen-Bradley,Product Type,Module,Model,1394C-AM07,eBay ID,
16593,019-004-0293,Yaskawa SGMSH-20A2A2E,-,25,1800,Location,2015c5,Brand,Yaskawa,Product Type,-,Model,SGMSH-20A2A2E,eBay ID,
16920,022-012-0289,SunX SF4-AH24-N Light Sensor,-,4,1830,Location,2015c5,Brand,SUNX,Product Type,LIGHT SENSOR,Model,SF4-AH24-N,eBay ID,
16878,014-011-0483,THK BLW2020-3.6ZZG0+1089 Ball Screw,-,5,1850,Location,2015c5,Brand,THK,Product Type,Ball Screw,Model,BLW2020-3.6ZZG0+1089,eBay ID,
16879,014-011-0487,THK BLW2020-3.6ZZGO+1089 Ball Screw,-,5,1850,Location,2015c5,Brand,THK,Product Type,Ball Screw,Model,BLW2020-3.6ZZGO+1089,eBay ID,
16872,022-012-0166,SunX SF4-AH32 Light Sensor,-,4,1880,Location,2015c5,Brand,SUNX,Product Type,LIGHT SENSOR,Model,SF4-AH32,eBay ID,
16594,019-004-0264,Yaskawa SGMSH-40A2A21 Motor,-,40,2200,Location,2015c5,Brand,Yaskawa,Product Type,Motor,Model,SGMSH-40A2A21,eBay ID,
16587,031-004-0044,Yaskawa SGDB-30ANY8 Servopack,-,18,2325,Location,2015c5,Brand,Yaskawa,Product Type,Servopack,Model,SGDB-30ANY8,eBay ID,
16877,003-030-0062,THK KR45H10AE840LH3E11,-,35,2850,Location,2015c5,Brand,THK,Product Type,-,Model,KR45H10AE840LH3E11,eBay ID,
37692,031-001-0656,Allen-Bradley 1394C-SJT10-D Controller,-,,,Location,2015c3,Brand,Allen-Bradley,Product Type,-,Model,-,eBay ID,
39326,056-001-0253,Ametric Pulley M-2011593-350,-,1,,Location,2015C6_LC3,Brand,Ametric,Product Type,Pulley,Model,M-2011593-350,eBay ID,
17411,022-011-0297,Automatic Timing & Controls Proximity Sensor 301-3-5110-26,-,2,,Location,2015c3_LC1,Brand,Automatic Timing & Controls,Product Type,Proximity Sensor,Model,301-3-5110-26,eBay ID,
16894,013-001-0047,Bando Belt 600-S14M-1806,-,3,,Location,2015c5_LC1,Brand,Bando,Product Type,Belt,Model,600-S14M-1806,eBay ID,
39335,013-001-0510,Denso Belt 363-3GT-25,-,1,,Location,2015C6_LC3,Brand,Denso,Product Type,Belt,Model,363-3GT-25,eBay ID,
43964,068-514-0008,Drive Shaft 95M03M4A-03,-,,,Location,2015C5_LC6,Brand,WORKSMAN,Product Type,-,Model,-,eBay ID,
18188,008-005-0028,Omron Photoelectric Switch E3E23L,-,2,,Location,2015c1_LC4,Brand,Omron,Product Type,Photoelectric Switch,Model,E3E23L,eBay ID,
18117,008-005-0075,Omron Photoelectric Switch E3S-2E41,-,1,,Location,2015c1_LC2,Brand,Omron,Product Type,Photoelectric Switch,Model,E3S-2E41,eBay ID,
18118,008-005-0011,Omron Photoelectric Switch E3S-5DE4,-,2,,Location,2015c1_LC4,Brand,Omron,Product Type,Photoelectric Switch,Model,E3S-5E4,eBay ID,
39303,036-615-0091,Ejector Pin SFAN5-30-F13-B5-P3,Do not post,1,,Location,2015C5_B2,Brand,Allen-Bradley,Product Type,-,Model,-,eBay ID,
37676,003-001-0282,Filter ESD-60-5-10M,-,,,Location,2015c1_LC8,Brand,Allen-Bradley,Product Type,-,Model,-,eBay ID,
39275,027-002-0325,Filter Screen 20-8,-,,,Location,2015C5_B2,Brand,Sanki,Product Type,-,Model,-,eBay ID,
22732,022-011-0250,Fuji Electric PEW-34L/N Proximity Switch,-,3,,Location,2015c6_LC2,Brand,,Product Type,-,Model,-,eBay ID,
18101,008-006-0021,Fuji Electric Selector Switch AR30PR-322B,-,1,,Location,2015c1_LC4,Brand,Fuji Electric,Product Type,Switch,Model,AR30PR-322B,eBay ID,
22639,031-001-0659,Fuji Electric Servo Control RYE.10S,-,6,,Location,2015c6_LC2,Brand,Fuji Electric,Product Type,Controllers,Model,RYE.10S,eBay ID,
39354,061-001-0306,Gear M-1122887-061,-,1,,Location,2015C6_LC4,Brand,KHK,Product Type,Gear,Model,M-1122887-061,eBay ID,
39346,061-001-0304,Gear M-11228887-011,-,1,,Location,2015C6_LC4,Brand,KHK,Product Type,Gear,Model,M-11228887-011,eBay ID,
39212,216-001-0090,Dodge Gear Reducer LP90M0215111,-,1,,Location,2015s3,Brand,Dodge,Product Type,Gear Reducer,Model,LP90M0215111,eBay ID,
18103,008-015-0009,GEMS Level Switch 19735,-,1,,Location,2015c1_LC1,Brand,GEMS,Product Type,Level Switch,Model,19735,eBay ID,
18119,005-003-0027,Omron Timer H3CR-H8L,-,1,,Location,2015c1_LC8,Brand,Omron,Product Type,Timer,Model,H3CR-H8L,eBay ID,
1347,014-001-0529,Nachi Bearing 6216-2NSL,-,5,,Location,2015c1_LC1,Brand,Nachi,Product Type,Bearing,Model,6216-2NSL,eBay ID,
39249,036-615-0003,SMC Robot Chuck MDHR-30R-MSBVL,-,1,,Location,2015C5_B2,Brand,SMC,Product Type,-,Model,-,eBay ID,
39331,013-001-0458,Timing Belt MRA1 YOU,-,1,,Location,2015C6_LC3,Brand,-,Product Type,Belts,Model,MRA1 YOU,eBay ID,
43961,076-506-0051,Flange 68-6A,Do not post,1,,Location,2015C5_LC6,Brand,HITRAN,Product Type,-,Model,-,eBay ID,
43933,061-001-0154,Gear 10-5,Do not post,1,,Location,2015C5_LC6,Brand,ASCO,Product Type,-,Model,-,eBay ID,
43956,068-525-0012,Grease/Seal 374-70-130,Do not post,1,,Location,2015C5_LC6,Brand,-,Product Type,-,Model,-,eBay ID,
43979,056-001-0166,H38-25,Do not post,1,,Location,2015C5_LC6,Brand,-,Product Type,-,Model,-,eBay ID,
39227,022-038-0464,Hose OYDEN 2011,Do not post,1,,Location,2015C2_LC5,Brand,Allen-Bradley,Product Type,-,Model,-,eBay ID,
43923,063-711-0003,Hub 52-17,Do not post,1,,Location,2015C5_LC6,Brand,-,Product Type,-,Model,-,eBay ID,
43938,068-525-0026,Insert (Felt Type) 374-92-200,Do not post,1,,Location,2015C5_LC6,Brand,-,Product Type,-,Model,-,eBay ID,
43967,059-812-0011,Jig 68-12,Do not post,1,,Location,2015C5_LC6,Brand,-,Product Type,-,Model,-,eBay ID,
39270,036-625-0076,Joint C615,Do not post,1,,Location,2015C5_B2,Brand,-,Product Type,-,Model,-,eBay ID,
43973,068-626-0072,Joint M-2820215-142,Do not post,1,,Location,2015C5_LC6,Brand,-,Product Type,-,Model,-,eBay ID,
43971,068-626-0085,Knuckle M-2820732-010,Do not post,1,,Location,2015C5_LC6,Brand,-,Product Type,-,Model,-,eBay ID,
39352,036-615-0074,Large Bolt,Do not post,1,,Location,2015C6_LC4,Brand,-,Product Type,Bolts,Model,-,eBay ID,
43957,068-525-0022,Lever 373-84-090,Do not post,1,,Location,2015C5_LC6,Brand,-,Product Type,-,Model,-,eBay ID,
39267,068-720-0043,M-R-720-32-2,Do not post,1,,Location,2015C5_B2,Brand,-,Product Type,-,Model,-,eBay ID,
39350,426-612-0005,Nozzle 0.2MM THK 730-1,Do not post,1,,Location,2015C6_LC4,Brand,-,Product Type,-,Model,-,eBay ID,
37694,030-001-0377,O-Ring G-75,Do not post,1,,Location,2015c3,Brand,-,Product Type,-,Model,-,eBay ID,
37693,030-001-0644,O-Ring S60,Do not post,1,,Location,2015c3,Brand,-,Product Type,-,Model,-,eBay ID,
43951,064-003-0081,Pad Extension PAD-0060,Do not post,1,,Location,2015C5_LC6,Brand,-,Product Type,-,Model,-,eBay ID,
39285,036-615-0053,Pin M-2108062-390,Do not post,1,,Location,2015C5_B2,Brand,-,Product Type,-,Model,-,eBay ID,
37707,033-002-0003,Pin MS5X10,Do not post,1,,Location,2015c3,Brand,-,Product Type,-,Model,-,eBay ID,
43950,068-525-0021,Pin(Pre-Crimp) 373-84-080,Do not post,1,,Location,2015C5_LC6,Brand,-,Product Type,-,Model,-,eBay ID,
43984,068-410-0014,Stopper 70-167,Do not post,1,,Location,2015C5_LC6,Brand,-,Product Type,-,Model,-,eBay ID,
43960,068-410-0020,Stopper Pin M-R420-003-106,Do not post,1,,Location,2015C5_LC6,Brand,-,Product Type,-,Model,-,eBay ID,
39250,068-720-0033,Support R720-40-39L,Do not post,1,,Location,2015C5_B2,Brand,-,Product Type,-,Model,-,eBay ID,
39341,036-615-0079,Tube C615,Do not post,1,,Location,2015C6_LC4,Brand,-,Product Type,-,Model,-,eBay ID,
39277,068-720-0003,Washer SSWA19-3,Do not post,1,,Location,2015C5_B2,Brand,-,Product Type,-,Model,-,eBay ID,
39338,076-910-0031,Washer WASB8-4-1,Do not post,1,,Location,2015C6_LC3,Brand,-,Product Type,-,Model,-,eBay ID,
43954,068-410-0023,Wire Clamp 70-37,Do not post,1,,Location,2015C5_LC6,Brand,-,Product Type,-,Model,-,eBay ID,
43975,076-505-0026,Wormcatcher 41-40,Do not post,1,,Location,2015C5_LC6,Brand,-,Product Type,-,Model,-,eBay ID,
39224,078-574-0003,Slide Pin JA114-04,Do not post,1,,Location,2015c2_LC4,Brand,-,Product Type,-,Model,-,eBay ID,
43925,068-525-0020,Slide Plate 373-84-061,Do not post,1,,Location,2015C5_LC6,Brand,-,Product Type,-,Model,-,eBay ID,
39251,036-615-0093,Slotter Bolt M-2400572-130,Do not post,1,,Location,2015C5_B2,Brand,-,Product Type,-,Model,-,eBay ID,
37708,034-001-0401,Spring CS-A2-5X0.6X32,Do not post,1,,Location,2015c3,Brand,-,Product Type,-,Model,-,eBay ID,
43970,068-473-0002,Anti-Rotate Block 23-1,Do not post,1,,Location,2015C5_LC6,Brand,-,Product Type,-,Model,-,eBay ID,
43940,068-525-0004,Arm 373-30-042,Do not post,1,,Location,2015C5_LC6,Brand,-,Product Type,-,Model,-,eBay ID,
43948,068-626-0035,Attachment M-2043183-190,Do not post,1,,Location,2015C5_LC6,Brand,-,Product Type,-,Model,-,eBay ID,
39225,014-012-0112,Bearing NBX1725Z,Do not post,1,,Location,2015c2_LC4,Brand,-,Product Type,-,Model,-,eBay ID,
39307,422-615-0007,Blade M-2400595-340,Do not post,1,,Location,2015C5_B2,Brand,-,Product Type,-,Model,-,eBay ID,
39337,036-615-0089,Bracket/Shaft M-1122887-101,Do not post,1,,Location,2015C6_LC4,Brand,-,Product Type,-,Model,-,eBay ID,
37697,014-006-0450,Bushing 70B-0806,Do not post,1,,Location,2015c3,Brand,-,Product Type,-,Model,-,eBay ID,
43969,068-410-0011,Bushing Bronze 70-31.1 01B-31A,Do not post,1,,Location,2015C5_LC6,Brand,-,Product Type,-,Model,-,eBay ID,
43932,071-019-0002,"Button Head 1/8"" PT A1184",Do not post,1,,Location,2015C5_LC6,Brand,-,Product Type,-,Model,-,eBay ID,
39284,068-720-0040,C133B,Do not post,1,,Location,2015C5_B2,Brand,-,Product Type,-,Model,-,eBay ID,
43922,076-505-0022,Cam Lever 43-67,Do not post,1,,Location,2015C5_LC6,Brand,-,Product Type,-,Model,-,eBay ID,
43937,068-525-0007,Catcher 374-70-070,Do not post,1,,Location,2015C5_LC6,Brand,-,Product Type,-,Model,-,eBay ID,
39333,066-615-0078,Center Shaft 111 HYP505H,Do not post,1,,Location,2015C6_LC3,Brand,-,Product Type,-,Model,-,eBay ID,
39273,036-615-0058,Centering Bar M-2108063-230,Do not post,1,,Location,2015C5_B2,Brand,-,Product Type,-,Model,-,eBay ID,
37684,068-820-0017,Chuck 20-4-M,Do not post,1,,Location,2015c3,Brand,-,Product Type,-,Model,-,eBay ID,
43927,068-504-0011,Chute M-SM-12-04253815,Do not post,1,,Location,2015C5_LC6,Brand,-,Product Type,-,Model,-,eBay ID,
43936,068-525-0032,Clamp Claw 03-26A,Do not post,1,,Location,2015C5_LC6,Brand,-,Product Type,-,Model,-,eBay ID,
43930,068-525-0025,Collar 373-103-051,Do not post,1,,Location,2015C5_LC6,Brand,-,Product Type,-,Model,-,eBay ID,
43944,068-431-0060,Lock Nut WIP 6005 10X1,Do not post,1,,Location,2015C5_LC6,Brand,-,Product Type,-,Model,-,eBay ID,
39295,036-615-0020,M-1123156-020,Do not post,1,,Location,2015C5_B2,Brand,-,Product Type,-,Model,-,eBay ID,
39287,036-615-0008,M-2012740-022,Do not post,1,,Location,2015C5_B2,Brand,-,Product Type,-,Model,-,eBay ID,
39294,036-615-0022,M-2012741-011,Do not post,1,,Location,2015C5_B2,Brand,-,Product Type,-,Model,-,eBay ID,
39266,036-615-0021,M-2012741-021,Do not post,1,,Location,2015C5_B2,Brand,-,Product Type,-,Model,-,eBay ID,
39292,036-615-0023,M-2012870-021,Do not post,1,,Location,2015C5_B2,Brand,-,Product Type,-,Model,-,eBay ID,
39257,036-615-0007,M-2012870-031,Do not post,1,,Location,2015C5_B2,Brand,-,Product Type,-,Model,-,eBay ID,
39281,036-615-0090,M-2045473-131,Do not post,1,,Location,2015C5_B2,Brand,-,Product Type,-,Model,-,eBay ID,
39290,036-615-025,M-2045788-011,Do not post,1,,Location,2015C5_B2,Brand,-,Product Type,-,Model,-,eBay ID,
39274,036-615-0026,M-2045788-021,Do not post,1,,Location,2015C5_B2,Brand,-,Product Type,-,Model,-,eBay ID,
39268,036-615-0063,M-2108063-471,Do not post,1,,Location,2015C5_B2,Brand,-,Product Type,-,Model,-,eBay ID,
39286,036-615-0028,M-2400560-074,Do not post,1,,Location,2015C5_B2,Brand,-,Product Type,-,Model,-,eBay ID,
39276,036-615-0029,M-2400560-201,Do not post,1,,Location,2015C5_B2,Brand,-,Product Type,-,Model,-,eBay ID,
39248,036-615-0030,M-2400560-222,Do not post,1,,Location,2015C5_B2,Brand,-,Product Type,-,Model,-,eBay ID,
39242,036-615-0041,M-2400560-331,Do not post,1,,Location,2015C5_B2,Brand,-,Product Type,-,Model,-,eBay ID,
39263,036-615-0042,M-2400564-044,Do not post,1,,Location,2015C5_B2,Brand,-,Product Type,-,Model,-,eBay ID,
39265,036-615-0043,M-2400564-054,Do not post,1,,Location,2015C5_B2,Brand,-,Product Type,-,Model,-,eBay ID,
39288,036-615-0010,M-2400564-353,Do not post,1,,Location,2015C5_B2,Brand,-,Product Type,-,Model,-,eBay ID,
39298,036-615-009,M-2400564-364,Do not post,1,,Location,2015C5_B2,Brand,-,Product Type,-,Model,-,eBay ID,
39291,036-615-0014,M-2400565-104,Do not post,1,,Location,2015C5_B2,Brand,-,Product Type,-,Model,-,eBay ID,
39255,036-615-0012,M-2400570-012,Do not post,1,,Location,2015C5_B2,Brand,-,Product Type,-,Model,-,eBay ID,
39258,036-615-0015,M-2400570-112,Do not post,1,,Location,2015C5_B2,Brand,-,Product Type,-,Model,-,eBay ID,
39293,036-615-0016,M-2400570-122,Do not post,1,,Location,2015C5_B2,Brand,-,Product Type,-,Model,-,eBay ID,
39261,036-615-0046,M-2400570-181,Do not post,1,,Location,2015C5_B2,Brand,-,Product Type,-,Model,-,eBay ID,
39296,036-615-0048,M-2400571-011,Do not post,1,,Location,2015C5_B2,Brand,-,Product Type,-,Model,-,eBay ID,
39297,036-615-0031,M-2400572-011,Do not post,1,,Location,2015C5_B2,Brand,-,Product Type,-,Model,-,eBay ID,
39299,036-615-0055,M-2400572-071,Do not post,1,,Location,2015C5_B2,Brand,-,Product Type,-,Model,-,eBay ID,
39289,036-615-0056,M-2400572-091,Do not post,1,,Location,2015C5_B2,Brand,-,Product Type,-,Model,-,eBay ID,
39300,036-615-0019,M-2821117-103,Do not post,1,,Location,2015C5_B2,Brand,-,Product Type,-,Model,-,eBay ID,
39301,036-615-0018,M-2821117-493,Do not post,1,,Location,2015C5_B2,Brand,-,Product Type,-,Model,-,eBay ID,
39329,426-730-0001,M-4620126-310,Do not post,1,,Location,2015C6_LC3,Brand,-,Product Type,-,Model,-,eBay ID,
39321,068-460-0006,M-4640175-032,Do not post,1,,Location,2015C6_LC3,Brand,-,Product Type,-,Model,-,eBay ID,
43978,068-506-0001,Plate 22-04,Do not post,1,,Location,2015C5_LC6,Brand,-,Product Type,Plate,Model,22-04,eBay ID,
37700,076-110-0006,Plate 25-004A,Do not post,1,,Location,2015c3,Brand,-,Product Type,Plate,Model,25-004A,eBay ID,
39339,076-010-0020,Plate 68-13,Do not post,1,,Location,2015C6_LC4,Brand,-,Product Type,Plate,Model,68-13,eBay ID,
43943,068-626-0100,Plate Lift M-2120711-022,Do not post,1,,Location,2015C5_LC6,Brand,-,Product Type,Plate,Model,M-2120711-022,eBay ID,
37698,036-615-0034,Plate M-2400572-041,Do not post,1,,Location,2015c3,Brand,-,Product Type,Plate,Model,M-2400572-041,eBay ID,
37699,036-615-0035,Sanki Plate M-2400572-061,Do not post,1,,Location,2015c3,Brand,Sanki,Product Type,Plate,Model,M-2400572-061,eBay ID,
37706,036-615-0036,Plate M-2400572-081,Do not post,1,,Location,2015c3,Brand,-,Product Type,Plate,Model,M-2400572-081,eBay ID,
43945,076-505-0048,Plate M-SM-120445-44-24,Do not post,1,,Location,2015C5_LC6,Brand,-,Product Type,Plate,Model,M-SM-120445-44-24,eBay ID,
39254,068-720-0026,Plate R720-40-34,Do not post,1,,Location,2015C5_B2,Brand,-,Product Type,Plate,Model,R720-40-34,eBay ID,
43942,060-001-0321,Power Lock PL045-052E,Do not post,1,,Location,2015C5_LC6,Brand,-,Product Type,Power Lock,Model,PL045-052E,eBay ID,
39304,422-615-0003,Sanki Punch Short,Do not post,1,,Location,2015C5_B2,Brand,Sanki,Product Type,Punch,Model,-,eBay ID,
39305,422-615-0002,Punch Slitting 005-002,Do not post,1,,Location,2015C5_B2,Brand,-,Product Type,Punch,Model,005-002,eBay ID,
39308,422-615-0005,Punch Slitting Short,Do not post,1,,Location,2015C5_B2,Brand,-,Product Type,Punch,Model,-,eBay ID,
37705,036-615-0039,Pusher M-1123080-111,Do not post,1,,Location,2015c3,Brand,-,Product Type,Pusher,Model,-,eBay ID,
37702,036-615-0038,Pusher M-2108060-021,Do not post,1,,Location,2015c3,Brand,-,Product Type,Pusher,Model,-,eBay ID,
39271,036-615-0062,Pusher M-2108063-382,Do not post,1,,Location,2015C5_B2,Brand,-,Product Type,Pusher,Model,-,eBay ID,
43924,068-410-0010,Pusher Wire 01A-042,Do not post,1,,Location,2015C5_LC6,Brand,-,Product Type,Pusher,Model,-,eBay ID,
43966,068-525-0033,Pusher/Arm 110-10,Do not post,1,,Location,2015C5_LC6,Brand,-,Product Type,Pusher,Model,-,eBay ID,
18190,011-870-0009,Sanki 2014612,Do not post,3,,Location,2015c1_LC1,Brand,Sanki,Product Type,-,Model,2014612,eBay ID,
39324,422-615-0004,005-005,Do not post,1,,Location,2015C6_LC3,Brand,-,Product Type,Plate,Model,005-005,eBay ID,
39327,076-910-0016,127D,Do not post,1,,Location,2015C6_LC3,Brand,-,Product Type,-,Model,127D,eBay ID,
39269,MFG-000-2011,Gear 35-13,Do not post,1,,Location,2015C5_B2,Brand,-,Product Type,Gear,Model,35-13,eBay ID,
39262,068-720-0041,40-28-1,Do not post,1,,Location,2015C5_B2,Brand,-,Product Type,-,Model,40-28-1,eBay ID,
39272,068-720-0028,40-36,Do not post,1,,Location,2015C5_B2,Brand,-,Product Type,-,Model,40-36,eBay ID,
39328,076-730-0013,Guide 04-95-1,Do not post,1,,Location,2015C6_LC3,Brand,-,Product Type,Guides,Model,-,eBay ID,
43985,040-505-0007,Guide 26-79,Do not post,1,,Location,2015C5_LC6,Brand,-,Product Type,Guides,Model,-,eBay ID,
43952,068-525-0003,Guide 374-30-033,Do not post,1,,Location,2015C5_LC6,Brand,-,Product Type,Guides,Model,-,eBay ID,
37703,036-500-0029,Guide 50-16A-M,Do not post,1,,Location,2015c3,Brand,-,Product Type,Guides,Model,-,eBay ID,
39252,036-615-0099,Guide Block M-2400572-390,Do not post,1,,Location,2015C5_B2,Brand,-,Product Type,Guides,Model,-,eBay ID,
43949,068-626-0054,Guide M-2104970-111,Do not post,1,,Location,2015C5_LC6,Brand,-,Product Type,Guides,Model,-,eBay ID,
39264,036-615-0059,Guide M-2108063-242,Do not post,1,,Location,2015C5_B2,Brand,-,Product Type,Guides,Model,-,eBay ID,
39260,036-615-0060,Guide M-2108063-252,Do not post,1,,Location,2015C5_B2,Brand,-,Product Type,Guides,Model,-,eBay ID,
43981,068-626-0111,Guide M-Z900-024-35-37,Do not post,1,,Location,2015C5_LC6,Brand,-,Product Type,Guides,Model,-,eBay ID,
37704,036-500-0001,Guide 50-16A,Do not post,1,,Location,2015c3,Brand,-,Product Type,Guides,Model,-,eBay ID,
39340,076-910-0013,Holder 21-135C,Do not post,1,,Location,2015C6_LC4,Brand,-,Product Type,Holders,Model,21-135C,eBay ID,
39351,076-910-0014,Holder 21-136,Do not post,1,,Location,2015C6_LC4,Brand,-,Product Type,Holders,Model,21-136,eBay ID,
43947,068-525-0001,Holder 373-30-012,Do not post,1,,Location,2015C5_LC6,Brand,-,Product Type,Holders,Model,373-30-012,eBay ID,
39246,036-515-0017,Holder M-2400570-053,Do not post,1,,Location,2015C5_B2,Brand,-,Product Type,Holders,Model,M-2400570-053,eBay ID,
39253,036-615-0011,Holder M-2400570-173,Do not post,1,,Location,2015C5_B2,Brand,-,Product Type,Holders,Model,M-2400570-173,eBay ID,
37701,036-615-0032,Holder M-2400572-022,Do not post,1,,Location,2015c3,Brand,-,Product Type,Holders,Model,M-2400572-022,eBay ID,
37688,036-615-0033,Holder M-2400572-032,Do not post,1,,Location,2015c3,Brand,-,Product Type,Holders,Model,M-2400572-032,eBay ID,
39256,068-720-0023,Holder R720-40-31,Do not post,1,,Location,2015C5_B2,Brand,-,Product Type,Holders,Model,R720-40-31,eBay ID,
43980,040-400-0048,Pawl 23-5,Do not post,1,,Location,2015C5_LC6,Brand,-,Product Type,Pawl,Model,23-5,eBay ID,
43953,040-400-0049,Pawl 23-6,Do not post,1,,Location,2015C5_LC6,Brand,-,Product Type,Pawl,Model,23-6,eBay ID,
39259,036-615-0006,Pawl M-4001535-050,Do not post,1,,Location,2015C5_B2,Brand,-,Product Type,Pawl,Model,M-4001535-050,eBay ID,
39342,076-910-0003,Rail 68-12,Do not post,1,,Location,2015C6_LC4,Brand,-,Product Type,Rail,Model,68-12,eBay ID,
37675,017-045-0013,Rail KT001-1-C,Do not post,1,,Location,2015c1,Brand,-,Product Type,Rail,Model,KT001-1-C,eBay ID,
37674,017-045-0015,Rail KT001-1-E,Do not post,1,,Location,2015c1,Brand,-,Product Type,Rail,Model,KT001-1-E,eBay ID,
39315,076-910-0039,Rail M-Z900-013-68-016,Do not post,1,,Location,2015c6,Brand,-,Product Type,Rail,Model,M-Z900-013-68-016,eBay ID,
43934,042-001-0589,Seal FU0101FO,Do not post,1,,Location,2015C5_LC6,Brand,-,Product Type,Seals,Model,FU0101FO,eBay ID,
43931,042-001-0590,Seal FU0155FO,Do not post,1,,Location,2015C5_LC6,Brand,-,Product Type,Seals,Model,FU0155FO,eBay ID,
43955,042-001-0013,Seal GLY-22 4NBR,Do not post,1,,Location,2015C5_LC6,Brand,-,Product Type,Seals,Model,GLY-22 4NBR,eBay ID,
43963,042-001-0112,Seal GLY-28,Do not post,1,,Location,2015C5_LC6,Brand,-,Product Type,Seals,Model,GLY-28,eBay ID,
37695,042-001-0602,Seal GRSL701-28,Do not post,1,,Location,2015c3,Brand,-,Product Type,Seals,Model,GRSL701-28,eBay ID,
43968,042-001-0054,Seal SKY63,Do not post,1,,Location,2015C5_LC6,Brand,-,Product Type,Seals,Model,SKY63,eBay ID,
43926,068-410-0019,Shaft 01C-017,Do not post,1,,Location,2015C5_LC6,Brand,-,Product Type,Shafts,Model,01C-017,eBay ID,
43972,068-525-0006,Shaft 374-70-061,Do not post,1,,Location,2015C5_LC6,Brand,-,Product Type,Shafts,Model,374-70-061,eBay ID,
43962,068-525-0010,Shaft 374-70-100,Do not post,1,,Location,2015C5_LC6,Brand,-,Product Type,Shafts,Model,374-70-100,eBay ID,
37689,036-615-0040,Shaft M-2400560-211,Do not post,1,,Location,2015c3,Brand,-,Product Type,Shafts,Model,M-2400560-211,eBay ID,
43976,068-504-0010,Shaft MSM1204-25-37-18,Do not post,1,,Location,2015C5_LC6,Brand,-,Product Type,Shafts,Model,MSM1204-25-37-18,eBay ID,